customer_id,first_name,last_name,email,phone_number,address,city,state,country,postal_code
1,Ania,Kaser,akaser0@hhs.gov,615-722-6710,641 Macpherson Street,Jiangshi,,China,
2,Ambur,Drever,adrever1@github.com,372-798-0093,509 Rusk Road,Bieqiao,,China,
3,Jeff,Pirrie,jpirrie2@nsw.gov.au,813-391-4364,69651 Ludington Drive,Bakar,,Croatia,52428
4,Trisha,Isselee,tisselee3@yandex.ru,621-674-0672,85 Forest Hill,Ulsan,,South Korea,
5,Jessa,Beadles,jbeadles4@e-recht24.de,472-341-1889,6696 Doe Crossing Avenue,Chandra,,Comoros,
6,Wilton,Carillo,wcarillo5@mapy.cz,303-484-3332,45 Sachs Terrace,Catungawan Sur,,Philippines,6310
7,Jeanelle,Heberden,jheberden6@discuz.net,752-211-7760,45266 Clove Plaza,Mitsukaidō,,Japan,306-0614
8,Shirl,Champneys,schampneys7@netlog.com,513-373-5572,4 Mitchell Way,Qaraçuxur,,Azerbaijan,
9,Annabell,Mcall,amcall8@umich.edu,887-762-6051,0 Havey Parkway,Chunghwa,,North Korea,
10,Derrik,Hitchens,dhitchens9@chron.com,946-621-4801,42460 Debra Lane,Banjar Penyalin,,Indonesia,
11,Raffarty,McKevitt,rmckevitta@wikipedia.org,598-383-0619,6 Fuller Road,Norcasia,,Colombia,175007
12,Dewitt,Bader,dbaderb@npr.org,670-498-9403,02587 Montana Place,Zolotonosha,,Ukraine,
13,Merissa,Jouhning,mjouhningc@irs.gov,192-809-5489,46506 5th Road,Kalāt-e Nāderī,,Iran,
14,Georgeta,Necrews,gnecrewsd@amazon.co.uk,201-590-1938,23 Bowman Road,Lunyuk Ode,,Indonesia,
15,Horatio,Kmieciak,hkmieciake@jalbum.net,659-953-0649,27479 Express Center,Caen,Basse-Normandie,France,14040 CEDEX 4
16,Roderick,Abbiss,rabbissf@blog.com,748-307-8403,0008 Pennsylvania Avenue,Kulaman,,Philippines,3332
17,Jeremie,Harrill,jharrillg@nsw.gov.au,399-976-9146,174 Debra Junction,Krajan,,Indonesia,
18,Nesta,Blaxter,nblaxterh@gov.uk,818-707-6851,38077 Reindahl Circle,Concordia,,Peru,
19,Celle,Bediss,cbedissi@blogspot.com,766-340-1867,9 Mandrake Avenue,Kameda-honchō,,Japan,956-0053
20,Judi,Hinnerk,jhinnerkj@vistaprint.com,284-754-8672,770 Barby Hill,Arjona,,Colombia,131029
21,Axe,Fenby,afenbyk@bloomberg.com,383-392-5067,932 Jenifer Plaza,Tongqian,,China,
22,Karee,MacKniely,kmacknielyl@booking.com,417-295-4958,69 Bartelt Circle,Cutral-Có,,Argentina,8322
23,Ike,Kilford,ikilfordm@cocolog-nifty.com,289-272-7902,07945 Roxbury Circle,Dolulolong,,Indonesia,
24,Ivie,Gutridge,igutridgen@cornell.edu,361-740-4510,53 Huxley Park,Sulak,,Russia,427030
25,Ivy,Wattinham,iwattinhamo@people.com.cn,679-971-5723,5881 Hallows Lane,Káto Asítai,,Greece,
26,Courtnay,Theodoris,ctheodorisp@jalbum.net,856-610-0467,09193 Cascade Avenue,Lipovljani,,Croatia,44322
27,Beck,Rawles,brawlesq@ftc.gov,900-883-2805,99 Talisman Avenue,Banjiang,,China,
28,Carry,Rowling,crowlingr@addthis.com,906-332-1852,966 Carberry Terrace,Nazrēt,,Ethiopia,
29,Rebbecca,Woodwind,rwoodwinds@w3.org,127-262-2512,943 Milwaukee Circle,Khirdalan,,Azerbaijan,
30,Timofei,Woodyer,twoodyert@csmonitor.com,770-314-6814,4930 Anhalt Plaza,Shuangbaiyang,,China,
31,Jasmin,Mansour,jmansouru@cpanel.net,126-296-2110,8 Pearson Road,Ujar,,Azerbaijan,
32,Marissa,Dumbar,mdumbarv@nydailynews.com,113-199-0541,28 Sherman Way,Alakak,,China,
33,Rubia,Tourle,rtourlew@whitehouse.gov,254-383-6924,66413 Fulton Center,Lunen,,Philippines,9507
34,Alfi,Steeples,asteeplesx@liveinternet.ru,419-554-6281,47208 South Court,Toledo,Ohio,United States,43656
35,Marlie,Lesek,mleseky@google.cn,953-636-8791,2245 Acker Point,Ambositra,,Madagascar,
36,Giusto,Pockett,gpockettz@purevolume.com,334-804-7794,51164 Red Cloud Terrace,New-Richmond,Québec,Canada,J7R
37,Marice,Hellyer,mhellyer10@gnu.org,658-634-0703,379 Westport Junction,Wuyang,,China,
38,Ernie,Findon,efindon11@berkeley.edu,554-664-5038,40116 Fuller Court,Kai,,Afghanistan,
39,Adolphe,Blenkensop,ablenkensop12@squidoo.com,669-717-0666,13959 Grim Hill,Orion,,Philippines,2102
40,Darcy,Leither,dleither13@addtoany.com,780-766-6476,61 2nd Terrace,Sumalig,,Philippines,9211
41,Mil,Caseborne,mcaseborne14@msn.com,498-820-0670,5 Johnson Street,Nove-Misto,,Ukraine,
42,Cull,Marieton,cmarieton15@businessweek.com,738-820-9850,0 Browning Street,Boca Suno,,Ecuador,
43,Chiquita,Finker,cfinker16@house.gov,580-469-3610,94 Mccormick Pass,Córdoba,,Colombia,523548
44,Tab,Nornasell,tnornasell17@house.gov,790-572-9670,7801 Laurel Place,Lendan,,Indonesia,
45,Geneva,Weekes,gweekes18@elegantthemes.com,259-144-5438,0 New Castle Point,Ra’s Bayrūt,,Lebanon,
46,Barbabra,Stobie,bstobie19@shareasale.com,435-123-3989,145 Forest Run Point,Bandar Pusat Jengka,Pahang,Malaysia,26485
47,Zach,Brattan,zbrattan1a@howstuffworks.com,608-651-2603,68187 Kenwood Terrace,Kabongan Kidul,,Indonesia,
48,Stavro,McKevin,smckevin1b@devhub.com,374-133-3551,19176 Eagle Crest Court,Cidahu,,Indonesia,
49,Torr,Sherreard,tsherreard1c@twitpic.com,886-685-3954,197 Scofield Plaza,Akonolinga,,Cameroon,
50,Lancelot,Catherall,lcatherall1d@ebay.com,407-563-1663,9 School Court,Bukabu,,Indonesia,
51,Avivah,Prendergrass,aprendergrass1e@typepad.com,909-832-4855,6843 Sauthoff Drive,Tanlin,,China,
52,Jennie,Awty,jawty1f@timesonline.co.uk,334-773-3765,41 Brown Crossing,Concepción,,Colombia,053817
53,Juan,Hansford,jhansford1g@sina.com.cn,444-797-3279,97889 Hermina Hill,Kenzhe,,Russia,361424
54,Culley,Remmer,cremmer1h@unblog.fr,331-280-3304,12 Canary Drive,Gunungputri,,Indonesia,
55,Celinda,Robardet,crobardet1i@webeden.co.uk,725-318-2502,6608 Harper Way,Sanjiazi,,China,
56,Ellette,Hugenin,ehugenin1j@sitemeter.com,830-900-6963,2782 Stoughton Drive,Dois Córregos,,Brazil,17300-000
57,Avril,Tschirschky,atschirschky1k@miibeian.gov.cn,292-171-5484,42 Sage Drive,Huangsha,,China,
58,Fielding,Eake,feake1l@amazonaws.com,945-820-2790,3 Hansons Plaza,Xiongshan,,China,
59,Benito,Coulthard,bcoulthard1m@hatena.ne.jp,970-125-8289,206 Sunbrook Road,Brandsen,,Argentina,1981
60,Claude,Simonitto,csimonitto1n@networkadvertising.org,398-329-4767,1 Anhalt Lane,Phra Nakhon Si Ayutthaya,,Thailand,13120
61,Ofelia,Niezen,oniezen1o@google.ru,963-430-9430,02516 Lakeland Avenue,Imotski,,Croatia,21260
62,Mora,Jonczyk,mjonczyk1p@amazon.co.jp,173-248-9974,55275 Londonderry Court,Cikendi,,Indonesia,
63,Priscilla,Allen,pallen1q@twitter.com,365-916-4402,983 Moulton Court,Guadalupe,Guanajuato,Mexico,38204
64,Obediah,Teck,oteck1r@elpais.com,215-935-9087,3 Carey Park,Philadelphia,Pennsylvania,United States,19146
65,Hoebart,Cawker,hcawker1s@quantcast.com,290-742-3698,60 Prairie Rose Alley,Dongping,,China,
66,Bradford,Quaintance,bquaintance1t@sourceforge.net,177-838-2453,0 Esker Point,Taitung City,,Taiwan,
67,Pierce,Elleray,pelleray1u@salon.com,280-362-1409,6 Muir Trail,Baumata,,Indonesia,
68,Maudie,Jurs,mjurs1v@netscape.com,887-304-2656,8342 Hagan Lane,Fizuli,,Azerbaijan,
69,Ulric,Perocci,uperocci1w@simplemachines.org,975-185-3956,1718 Thompson Pass,Vayk’,,Armenia,
70,Lil,Labden,llabden1x@flickr.com,280-740-1223,61534 Melvin Crossing,Lembur Tengah,,Indonesia,
71,Natty,Luney,nluney1y@altervista.org,430-166-1966,48 Vera Street,Wan’an,,China,
72,Riki,Bowcher,rbowcher1z@163.com,294-809-8156,235 Shelley Court,Freetown,,Sierra Leone,
73,Vasilis,Kilgour,vkilgour20@ask.com,143-751-2608,02165 Victoria Center,Horní Bříza,,Czech Republic,330 12
74,Marilin,O'Lenane,molenane21@upenn.edu,329-508-7525,26662 Sunfield Center,Lyubimets,,Bulgaria,6522
75,Petronille,Flode,pflode22@fastcompany.com,417-405-1369,414 Main Circle,Norrköping,Östergötland,Sweden,602 09
76,Filbert,Sickert,fsickert23@shutterfly.com,691-684-5582,91143 Kenwood Point,Al Ḩajar al Aswad,,Syria,
77,Tanney,Rissom,trissom24@simplemachines.org,563-583-9456,22 Grover Terrace,Všenory,,Czech Republic,252 31
78,Michaella,Jeannard,mjeannard25@epa.gov,256-709-3128,9152 Esker Street,Kelīshād va Sūdarjān,,Iran,
79,Bee,Longmore,blongmore26@tmall.com,688-100-5980,34001 Raven Place,Thuận Nam,,Vietnam,
80,Augusta,O'Mannion,aomannion27@cisco.com,211-422-3051,937 Becker Way,Štítina,,Czech Republic,747 91
81,Dulcea,Tichner,dtichner28@altervista.org,898-131-4028,0913 Esch Alley,Huage,,China,
82,Floris,Boyce,fboyce29@prweb.com,217-936-1216,611 Schmedeman Street,Danderyd,Stockholm,Sweden,182 34
83,Britni,Hanlon,bhanlon2a@google.fr,935-240-0045,79 Fairfield Lane,Casais de Revelhos,Santarém,Portugal,2200-463
84,Laney,Nott,lnott2b@si.edu,825-442-5920,67189 Armistice Crossing,Chengzihe,,China,
85,Fax,Skehens,fskehens2c@goo.ne.jp,726-424-5773,1325 Stang Road,Itapetinga,,Brazil,45700-000
86,Felicity,Myall,fmyall2d@bloglines.com,300-943-8623,13 Dryden Junction,Uppsala,Uppsala,Sweden,757 59
87,Aura,Dovey,adovey2e@icq.com,302-383-7220,925 Oak Terrace,Margasari,,Indonesia,
88,Pavel,Linnock,plinnock2f@sun.com,230-953-4467,017 Shopko Parkway,Aygeshat,,Armenia,
89,Nata,Coffin,ncoffin2g@berkeley.edu,882-433-4630,767 Portage Park,Laugar,,Iceland,650
90,Barny,McEnery,bmcenery2h@themeforest.net,716-961-0481,68423 Service Plaza,Chishmy,,Russia,431674
91,Breena,Ragate,bragate2i@wikipedia.org,403-958-8668,71325 Transport Junction,Kargowa,,Poland,66-120
92,Pepito,Blaik,pblaik2j@nytimes.com,329-876-6676,33 Hanover Way,Shicha,,China,
93,Addison,Bellhouse,abellhouse2k@yahoo.com,835-147-5510,888 Ronald Regan Point,Matsuyama,,Japan,999-3146
94,Blanca,Gavey,bgavey2l@devhub.com,501-300-5860,742 Pawling Point,Tambangan,,Indonesia,
95,Essa,Tieraney,etieraney2m@cbslocal.com,296-239-1764,8 Mitchell Circle,Panadura,,Sri Lanka,12500
96,Lib,Habergham,lhabergham2n@homestead.com,434-892-6817,89 Warbler Court,Bluff,,New Zealand,9814
97,Humfrid,Pepper,hpepper2o@reverbnation.com,190-742-8451,9 Carpenter Street,Chengjiao,,China,
98,Dahlia,Plomer,dplomer2p@comcast.net,954-284-7130,5018 Dunning Crossing,Matozinhos,,Brazil,35720-000
99,Terrence,Adair,tadair2q@fotki.com,576-338-3403,81376 Havey Drive,Looc,,Philippines,5507
100,Karim,De Mars,kdemars2r@zdnet.com,417-650-4177,854 Brentwood Pass,Pilluana,,Peru,
101,Westley,Cowie,wcowie2s@vistaprint.com,599-516-3374,82309 Buhler Way,Guxian,,China,
102,Cary,McCarroll,cmccarroll2t@ucla.edu,693-545-1573,5176 Hovde Hill,Shiraoka,,Japan,349-0218
103,Michail,Stainsby,mstainsby2u@nyu.edu,451-180-7299,753 Bluestem Parkway,Freiburg im Breisgau,Baden-Württemberg,Germany,79106
104,Donnie,Reppaport,dreppaport2v@usa.gov,240-263-1091,78 Lerdahl Street,Pedra Azul,,Brazil,39970-000
105,Andrey,Moxham,amoxham2w@nps.gov,337-889-5788,6 Burrows Street,Novotroitsk,,Russia,613151
106,Ashli,Chesher,achesher2x@tumblr.com,872-534-0327,00788 Manitowish Pass,Shnogh,,Armenia,
107,Patrizio,Buckston,pbuckston2y@un.org,933-241-3309,27878 Sunnyside Trail,Vilela,Porto,Portugal,4580-634
108,Budd,Bernardinelli,bbernardinelli2z@bigcartel.com,570-492-1907,92 Sage Road,Potongan,,Indonesia,
109,Ainsley,Manthorpe,amanthorpe30@photobucket.com,519-813-6536,0678 Eagle Crest Lane,Sangiang,,Indonesia,
110,Shannon,Chippindale,schippindale31@slate.com,117-236-9914,4153 Vernon Alley,Dolní Černilov,,Czech Republic,503 03
111,Zara,Beauchamp,zbeauchamp32@wunderground.com,613-925-5336,3 Utah Crossing,Pingfeng,,China,
112,Tobe,Rasmus,trasmus33@engadget.com,389-704-0329,777 Spenser Park,Siluman,,Indonesia,
113,Flynn,Revie,frevie34@ehow.com,415-652-1750,47 Oakridge Point,Kefar Tavor,,Israel,
114,Pail,Joseff,pjoseff35@domainmarket.com,521-387-8187,8 Esch Circle,Pampachiri,,Peru,
115,Fons,Binks,fbinks36@clickbank.net,292-701-4193,6 Farwell Point,Pilpichaca,,Peru,
116,Gram,Chinge,gchinge37@wikia.com,262-191-6977,121 Moulton Alley,Puerto Galera,,Philippines,5203
117,Celka,Gange,cgange38@tripod.com,662-887-6460,79438 Bay Place,Pongkor,,Indonesia,
118,Valentine,Pickburn,vpickburn39@bbb.org,940-667-6993,66 Gale Park,Sinfra,,Ivory Coast,
119,Kori,Endricci,kendricci3a@newyorker.com,389-383-9131,414 Harper Parkway,Langchuan,,China,
120,Evelin,Dukelow,edukelow3b@nps.gov,843-700-7381,9 Village Hill,Wulijie,,China,
121,Ingrid,Schrieves,ischrieves3c@istockphoto.com,582-156-1590,944 Dakota Parkway,Gadang,,Indonesia,
122,Rani,Ysson,rysson3d@multiply.com,217-790-2075,35304 Clyde Gallagher Drive,Pil’na,,Russia,607483
123,Riva,Knutsen,rknutsen3e@nps.gov,565-644-5943,01786 Ronald Regan Road,Žďár nad Sázavou,,Czech Republic,592 11
124,Preston,Crain,pcrain3f@jalbum.net,512-367-8588,692 Prairieview Way,Datarsitu,,Indonesia,
125,Susy,Scrivinor,sscrivinor3g@elegantthemes.com,730-351-2727,941 Del Sol Crossing,Gaza,,Palestinian Territory,
126,Gage,Dadd,gdadd3h@diigo.com,592-915-8739,03805 Springview Plaza,Hengshan,,China,
127,Marilyn,Prangle,mprangle3i@mapy.cz,315-628-6364,655 Crowley Terrace,Espírito Santo do Pinhal,,Brazil,13990-000
128,Britni,Maidstone,bmaidstone3j@springer.com,236-986-1581,394 Londonderry Avenue,Reutov,,Russia,143969
129,Hallie,Sabbins,hsabbins3k@imgur.com,186-840-9889,6210 Pawling Crossing,Beijiang,,China,
130,Laughton,Scallon,lscallon3l@sakura.ne.jp,118-829-7958,059 Hayes Place,Beverwijk,Provincie Noord-Holland,Netherlands,1944
131,Corrie,Binks,cbinks3m@nifty.com,974-185-5651,7 Vahlen Park,Yvetot,Haute-Normandie,France,76194 CEDEX
132,Rubia,Gapper,rgapper3n@posterous.com,328-450-5937,497 Coleman Plaza,Curanilahue,,Chile,
133,Alessandra,Apfelmann,aapfelmann3o@last.fm,745-914-8934,03 Main Terrace,Krajan,,Indonesia,
134,Sully,Prigg,sprigg3p@1688.com,876-473-4240,43662 Huxley Court,Kuncen,,Indonesia,
135,Leanor,Blasoni,lblasoni3q@nsw.gov.au,950-824-1708,1 Oneill Hill,Iwamizawa,,Japan,770-0864
136,Palm,Wards,pwards3r@squarespace.com,691-842-7526,9167 Lakeland Street,Medeiros Neto,,Brazil,45960-000
137,Beitris,Behnen,bbehnen3s@jiathis.com,198-904-9519,2161 Dwight Lane,Fleury-les-Aubrais,Centre,France,45404 CEDEX
138,Kacy,Sealove,ksealove3t@live.com,121-777-7162,7904 Towne Crossing,Iwata,,Japan,925-0145
139,Marthena,Henriet,mhenriet3u@free.fr,147-435-6250,99 Graedel Court,Thorold,Ontario,Canada,L2V
140,Hewet,Ferrarello,hferrarello3v@cbsnews.com,832-512-4389,754 Mariners Cove Road,Sida,,Thailand,30430
141,Emlen,Fennick,efennick3w@comcast.net,132-160-7532,47982 Kenwood Crossing,Kučevo,,Serbia,
142,Kiley,Lapish,klapish3x@studiopress.com,918-394-4614,47 Bashford Park,Koukkuniemi,,Finland,34550
143,Nelson,Sondon,nsondon3y@hugedomains.com,158-931-3314,307 Lindbergh Road,Changuinola,,Panama,
144,Isabel,Paquet,ipaquet3z@moonfruit.com,997-848-7906,41 Fremont Avenue,Vologda,,Russia,160034
145,Blondelle,Tomkys,btomkys40@ucsd.edu,710-722-7289,359 Michigan Parkway,Kangasala,,Finland,36270
146,Brande,Andrichuk,bandrichuk41@youtu.be,898-905-0669,897 South Pass,Dabaozi,,China,
147,Josey,Konig,jkonig42@dropbox.com,153-779-2472,5049 Killdeer Lane,Rossosh’,,Russia,624282
148,Logan,Hansford,lhansford43@jalbum.net,982-142-0800,25165 Portage Point,Florencia,,Colombia,195047
149,Granville,Rannald,grannald44@google.co.jp,791-890-0709,6212 Bartillon Drive,Lom Sak,,Thailand,67110
150,Clair,Gwyllt,cgwyllt45@skyrock.com,333-265-8872,3 Granby Parkway,Xiancun,,China,
151,Huntley,Pinnion,hpinnion46@rediff.com,618-547-7278,4629 Springview Alley,Igoumenítsa,,Greece,
152,Noam,Papa,npapa47@hao123.com,117-529-0607,01461 Jay Circle,Hongdun,,China,
153,Laurence,Plaide,lplaide48@networksolutions.com,205-811-9481,733 Village Drive,Birmingham,Alabama,United States,35215
154,Erik,Willgoss,ewillgoss49@soundcloud.com,726-779-6316,19 Schlimgen Court,Velyka Bilozerka,,Ukraine,
155,Marley,Saffill,msaffill4a@sohu.com,906-176-7870,75469 Larry Crossing,Chalcos,,Peru,
156,Marta,Edmands,medmands4b@icq.com,551-237-1435,79 Ridgeway Junction,Iogach,,Russia,649154
157,Free,Nund,fnund4c@phpbb.com,913-240-7051,316 Granby Junction,Perrelos,,Philippines,6017
158,Siffre,Spera,sspera4d@oracle.com,851-606-1321,24 Sunfield Alley,Mó,Braga,Portugal,4730-062
159,Harald,Selby,hselby4e@answers.com,721-745-8637,25 Rutledge Drive,Caaguazú,,Paraguay,
160,Broderic,Sedworth,bsedworth4f@ox.ac.uk,608-469-3788,79413 Weeping Birch Avenue,Paris 18,Île-de-France,France,75879 CEDEX 18
161,Jamill,Catherick,jcatherick4g@nyu.edu,875-453-1951,02 Moland Drive,Ban Phai,,Thailand,40110
162,Jehu,Rochford,jrochford4h@toplist.cz,537-966-9429,14 Meadow Vale Alley,Mawlaik,,Myanmar,
163,Wolfgang,Windebank,wwindebank4i@twitpic.com,227-890-4123,1 Hintze Center,Ubiaja,,Nigeria,
164,Norry,Angric,nangric4j@creativecommons.org,309-533-1376,75626 Arapahoe Hill,Sarkand,,Kazakhstan,
165,Raina,Hugk,rhugk4k@theatlantic.com,517-189-4535,80953 Prentice Way,Panolan,,Indonesia,
166,Koenraad,Tremellan,ktremellan4l@accuweather.com,122-930-1642,0966 Maryland Hill,Rancakole,,Indonesia,
167,Victoir,Andrivel,vandrivel4m@weibo.com,526-143-5832,0415 Northland Trail,Pailles,,Mauritius,
168,Ray,Murname,rmurname4n@privacy.gov.au,170-918-8980,4195 Sage Way,San Francisco,Mexico,Mexico,51016
169,Catina,Brotherhood,cbrotherhood4o@ehow.com,189-663-5288,860 2nd Circle,Oslo,Oslo,Norway,0025
170,Hugh,Grassick,hgrassick4p@uiuc.edu,589-653-6997,78 Northport Trail,Longcheng,,China,
171,Brook,Casewell,bcasewell4q@sakura.ne.jp,944-544-1974,63 Sunbrook Park,Huaqiu,,China,
172,Aloysius,Parsonson,aparsonson4r@aboutads.info,988-693-6000,938 Cascade Way,Trancas,,Argentina,4124
173,Woodrow,Boutell,wboutell4s@infoseek.co.jp,866-273-6931,6 Walton Terrace,Limushan,,China,
174,Rockie,Veldens,rveldens4t@adobe.com,165-152-4232,7258 Crescent Oaks Crossing,Haikou,,China,
175,Amandie,Cicco,acicco4u@walmart.com,542-580-4205,13344 Holy Cross Street,Paiçandu,,Brazil,87140-000
176,Gillie,McLeary,gmcleary4v@trellian.com,641-772-3512,2 Warbler Road,Kittilä,,Finland,99101
177,Julienne,Mersh,jmersh4w@webmd.com,727-108-7733,08334 Mccormick Pass,Henggouqiao,,China,
178,Lorinda,Loble,lloble4x@issuu.com,970-493-4949,035 Spaight Crossing,Ishigaki,,Japan,937-0814
179,Vassily,Perdue,vperdue4y@yellowbook.com,177-470-7886,2336 Karstens Hill,Xiaolou,,China,
180,Isaak,Rodliff,irodliff4z@desdev.cn,447-798-1203,925 Charing Cross Parkway,Konotop,,Ukraine,
181,Casi,Izaac,cizaac50@wikia.com,764-452-1377,2816 Forster Avenue,Allen,,Argentina,8328
182,Chastity,Scarsbrooke,cscarsbrooke51@google.es,392-319-1601,02961 Colorado Way,Wageningen,Provincie Gelderland,Netherlands,6709
183,Marna,Gawkroge,mgawkroge52@google.fr,202-947-1648,87 Bartillon Trail,Soljani,,Croatia,32255
184,Sean,Crease,screase53@elegantthemes.com,232-508-4316,2297 Maple Wood Center,São Paio de Gramaços,Coimbra,Portugal,3400-696
185,Hanson,Dempsey,hdempsey54@comsenz.com,439-877-5638,6799 Dorton Junction,Balabag,,Philippines,5001
186,Sonny,Bisgrove,sbisgrove55@cdc.gov,207-332-6011,572 East Street,Gambo,,Central African Republic,
187,Upton,Howlings,uhowlings56@delicious.com,101-784-0195,50 Paget Street,Mengcheng Chengguanzhen,,China,
188,Sebastiano,Gierth,sgierth57@shareasale.com,396-864-5441,2 Basil Center,Alagoinhas,,Brazil,48000-000
189,Harriet,Ferraresi,hferraresi58@google.it,971-544-4320,2015 Hudson Terrace,Sukacai,,Indonesia,
190,Lari,Ivkovic,livkovic59@dell.com,984-386-5057,3536 Superior Trail,Medvedevo,,Russia,425239
191,Dionisio,Berthe,dberthe5a@symantec.com,918-151-8891,92 Bluejay Parkway,Nong Saeng,,Thailand,41340
192,Ardeen,Droghan,adroghan5b@google.it,643-676-2505,368 Mccormick Court,Shuangshipu,,China,
193,Roxana,Curston,rcurston5c@adobe.com,327-838-4481,2559 Charing Cross Street,Undurkhaan,,Mongolia,
194,Ruy,Garrity,rgarrity5d@sphinn.com,927-263-6363,07476 Nobel Terrace,Zhendong,,China,
195,Duncan,Gillis,dgillis5e@cargocollective.com,776-908-1512,39126 Little Fleur Terrace,Szeged,Csongrád,Hungary,6704
196,Uri,Stetson,ustetson5f@howstuffworks.com,856-643-1969,820 Manufacturers Crossing,Ruma,,Serbia,
197,Mame,Belderson,mbelderson5g@shareasale.com,690-587-8114,8061 Bashford Terrace,Kisovec,,Slovenia,1412
198,Lane,Goodlatt,lgoodlatt5h@youtube.com,211-100-0623,198 High Crossing Drive,Caminaca,,Peru,
199,Mickie,Peake,mpeake5i@pcworld.com,693-211-0203,3427 Weeping Birch Alley,Strassen,,Luxembourg,L-8069
200,Corena,Rief,crief5j@google.fr,476-617-0282,82985 Fairview Junction,Pakel,,Indonesia,
201,Dilan,Monson,dmonson5k@freewebs.com,600-786-4678,400 Novick Hill,Malhou,Santarém,Portugal,2380-506
202,Derward,Burdell,dburdell5l@hp.com,297-861-8264,34 Gina Circle,Lumbangan,,Philippines,1682
203,Sig,Hilhouse,shilhouse5m@biblegateway.com,239-629-5570,53 Birchwood Terrace,Elvas,Portalegre,Portugal,7350-005
204,Fanechka,Scuse,fscuse5n@scribd.com,825-811-0462,2 Nova Junction,Torbeyevo,,Russia,431045
205,Reyna,Hardesty,rhardesty5o@tinypic.com,966-993-3331,807 Northfield Parkway,Wenceslau Braz,,Brazil,84950-000
206,Gisela,Urvoy,gurvoy5p@nasa.gov,843-682-9286,1 Lunder Way,Qingtong,,China,
207,Sylvan,Brandacci,sbrandacci5q@usatoday.com,816-803-9147,6 Dorton Park,Jalalaqsi,,Somalia,
208,Rosabel,Mathey,rmathey5r@chron.com,756-774-2149,3 Novick Drive,Carpina,,Brazil,55810-000
209,Allie,Aucutt,aaucutt5s@myspace.com,475-941-9101,98242 Ludington Parkway,Siedliska,,Poland,38-324
210,Law,O'Shaughnessy,loshaughnessy5t@phoca.cz,858-446-0508,6 Ruskin Center,Sabana Grande de Boyá,,Dominican Republic,10136
211,Loydie,Kehri,lkehri5u@nationalgeographic.com,176-226-0877,29178 Bartillon Circle,Bang Pakong,,Thailand,24130
212,Gallagher,Griston,ggriston5v@wp.com,936-238-3511,163 Gateway Crossing,Khadzhalmakhi,,Russia,368326
213,Udale,Cramb,ucramb5w@cbc.ca,255-181-8597,04 Green Ridge Park,Cipinang,,Indonesia,
214,Cherish,Croxford,ccroxford5x@chron.com,151-753-1995,770 Amoth Hill,Komes,,Indonesia,
215,Hewitt,Presho,hpresho5y@51.la,722-184-9792,2020 Dovetail Place,Summerland,British Columbia,Canada,H1V
216,Candis,Seater,cseater5z@sogou.com,918-779-7292,32376 Johnson Trail,Vila de Sal Rei,,Cape Verde,
217,Jaclin,Poppleston,jpoppleston60@lycos.com,748-361-3304,32901 Shopko Alley,Nartkala,,Russia,361336
218,Reina,Ben,rben61@state.gov,593-528-0078,07191 Johnson Point,Mungging,,Indonesia,
219,Mariann,Gerssam,mgerssam62@photobucket.com,729-128-9616,6 Sloan Road,Arcos,,Brazil,35588-000
220,Jessee,D'Aubney,jdaubney63@marriott.com,956-929-9622,09159 Anhalt Circle,Royan,Poitou-Charentes,France,17209 CEDEX
221,Moreen,Hovenden,mhovenden64@dion.ne.jp,722-995-4908,2256 Barby Avenue,Yongchuan,,China,
222,Jacobo,Dymock,jdymock65@prweb.com,255-319-6842,146 Oneill Road,Santiago,,Philippines,8608
223,Mirilla,Dumingo,mdumingo66@mtv.com,236-915-0285,867 Walton Alley,Jiaoyang,,China,
224,Ruth,Duddy,rduddy67@phpbb.com,195-748-1076,74226 Shopko Hill,Rialma,,Brazil,76310-000
225,Sarita,Naisbitt,snaisbitt68@wp.com,507-154-1346,81720 Colorado Junction,Popielów,,Poland,46-090
226,Baron,Ramel,bramel69@latimes.com,401-386-2509,4693 Fulton Circle,Potelych,,Ukraine,
227,Roz,Seagrove,rseagrove6a@ihg.com,830-202-9548,78119 Division Pass,Crauthem,,Luxembourg,L-3330
228,Janie,Claridge,jclaridge6b@chronoengine.com,215-456-7445,844 Johnson Terrace,Piedade,,Brazil,18170-000
229,Sully,MacConnell,smacconnell6c@addthis.com,556-748-4970,81502 Victoria Pass,Namora,,Peru,
230,Fredric,Gainfort,fgainfort6d@webnode.com,596-948-5986,83 Fair Oaks Street,Angoulême,Poitou-Charentes,France,16015 CEDEX
231,Loreen,Macrow,lmacrow6e@cnet.com,693-755-6972,51775 Bartelt Plaza,Cruz das Almas,,Brazil,44380-000
232,Helaina,Hembery,hhembery6f@webnode.com,733-301-6690,5317 Ryan Lane,Akhaldaba,,Georgia,
233,Glendon,Buye,gbuye6g@illinois.edu,727-567-0248,8701 Gateway Drive,Gaojiabu,,China,
234,Freddie,Zanetello,fzanetello6h@state.gov,445-906-0360,662 Hudson Hill,Junglinster,,Luxembourg,L-6155
235,Barnard,Pitney,bpitney6i@cbc.ca,143-199-7041,2 Center Court,Wangkung,,Indonesia,
236,Petronella,Whittet,pwhittet6j@lycos.com,722-594-5165,5963 Gale Avenue,Beloyarskiy,,Russia,624030
237,Creigh,Andree,candree6k@qq.com,176-227-8505,89963 Lakeland Terrace,Khursā,,Palestinian Territory,
238,Tobin,Whipple,twhipple6l@unesco.org,304-819-3705,05169 Northport Lane,Port Colborne,Ontario,Canada,L3K
239,Max,Abbatucci,mabbatucci6m@techcrunch.com,493-419-0476,0260 Bluestem Drive,Corral de Bustos,,Argentina,2645
240,Franzen,Riseley,friseley6n@illinois.edu,678-123-9767,66 Calypso Avenue,Nanyang,,China,
241,Warde,Gadeaux,wgadeaux6o@amazon.de,933-285-7265,670 Heffernan Center,General Luna,,Philippines,5419
242,Gaby,Riddoch,griddoch6p@booking.com,278-856-7914,1 Farwell Center,Jocotán,,Guatemala,20005
243,Melisa,Batchelor,mbatchelor6q@businesswire.com,588-244-1918,09564 Hoffman Terrace,Al Hilāliyya,,Sudan,
244,Orelee,Tunnacliffe,otunnacliffe6r@nsw.gov.au,925-193-7942,62 Twin Pines Trail,Nýřany,,Czech Republic,330 23
245,Melisa,Wenham,mwenham6s@360.cn,493-111-3636,03608 Beilfuss Circle,Romans-sur-Isère,Rhône-Alpes,France,26109 CEDEX
246,Morie,Coller,mcoller6t@odnoklassniki.ru,690-753-9081,59 Pearson Pass,Sémbé,,Republic of the Congo,
247,Prentice,Hempel,phempel6u@vk.com,818-768-2480,2296 Pierstorff Parkway,Cavalões,Braga,Portugal,4760-421
248,Cameron,Piolli,cpiolli6v@amazon.com,819-954-0988,1663 Sommers Court,Kokkinóchoma,,Greece,
249,Katharyn,Derington,kderington6w@ustream.tv,446-191-3739,1 Mendota Avenue,Šabac,,Serbia,
250,Beverley,Feilden,bfeilden6x@unc.edu,887-535-3641,1905 Del Sol Alley,Kalinovskoye,,Russia,356326
251,Lula,Fallow,lfallow6y@ucoz.ru,572-793-6366,46918 Graceland Street,Gombong,,Indonesia,
252,Andrea,Morratt,amorratt6z@springer.com,220-255-2211,13 Lotheville Crossing,Koreiz,,Ukraine,
253,Dallon,Surtees,dsurtees70@comcast.net,212-716-8496,1 Mallory Court,San Rafael,,Philippines,5039
254,Paquito,Jacquet,pjacquet71@marriott.com,230-703-4500,154 Gulseth Plaza,Bonnyville,Alberta,Canada,T9N
255,Cheston,Kubat,ckubat72@tuttocitta.it,336-375-0296,77 New Castle Alley,Nowogard,,Poland,72-203
256,Robers,Jedrychowski,rjedrychowski73@youtube.com,430-481-7991,6 Colorado Park,Nybro,Kalmar,Sweden,382 91
257,Constance,Shoebrook,cshoebrook74@ted.com,314-748-4426,8184 Saint Paul Drive,Saint Louis,Missouri,United States,63121
258,Ethelind,Shepcutt,eshepcutt75@plala.or.jp,691-394-0253,7 Towne Hill,Futang,,China,
259,Lonee,Clarridge,lclarridge76@w3.org,971-821-3548,80 Ridgeway Terrace,Tibakisa,,Indonesia,
260,Temp,Schultz,tschultz77@360.cn,576-725-6205,40 Steensland Place,Qincheng,,China,
261,Alayne,Byrnes,abyrnes78@cmu.edu,978-888-7902,05 Shelley Parkway,Besuki,,Indonesia,
262,Koo,Ondra,kondra79@apple.com,412-626-0997,529 Eastlawn Lane,Kunshan,,China,
263,Yelena,Kerbey,ykerbey7a@japanpost.jp,966-265-1420,6 Thackeray Center,Yanghou,,China,
264,Kathie,McKeag,kmckeag7b@eventbrite.com,538-118-8946,184 Corry Trail,Mahuta,,Nigeria,
265,Rachele,Garry,rgarry7c@istockphoto.com,545-349-9289,433 Longview Circle,Loivos,Vila Real,Portugal,5425-055
266,Rosie,Conklin,rconklin7d@illinois.edu,552-543-7603,90 Spaight Place,Potrero Grande,,Panama,
267,Lyndsey,Takle,ltakle7e@jigsy.com,696-970-7645,10 Weeping Birch Alley,Bouillon,Wallonie,Belgium,6834
268,Justinian,Quidenham,jquidenham7f@feedburner.com,579-995-8622,651 Lukken Court,Niandui,,China,
269,Davie,Scarrisbrick,dscarrisbrick7g@house.gov,102-778-1671,9 Aberg Drive,Shiqiao,,China,
270,Heath,Dabnor,hdabnor7h@diigo.com,686-788-1371,236 Kennedy Hill,Lavradio,Santarém,Portugal,2435-362
271,Kelby,Heller,kheller7i@sourceforge.net,143-339-5911,62 Jay Trail,Alcáçovas,Évora,Portugal,7090-021
272,Osborn,Brummitt,obrummitt7j@addthis.com,135-392-0962,5 Rutledge Drive,Fier,,Albania,
273,Kit,Hopkynson,khopkynson7k@ihg.com,780-279-7582,969 Fordem Court,Kosino,,Russia,612425
274,Yehudit,Gantley,ygantley7l@mlb.com,237-149-5366,6741 Swallow Trail,Bhadrapur,,Nepal,
275,Abbie,Assante,aassante7m@pbs.org,352-576-4760,3890 Anderson Avenue,Jipijapa,,Ecuador,
276,Tandy,Bruyet,tbruyet7n@taobao.com,437-986-4666,3 Truax Alley,Calinaoan Malasin,,Philippines,3700
277,Gabriellia,Racine,gracine7o@slashdot.org,952-347-4414,1 Bartillon Junction,Waerana,,Indonesia,
278,June,Meiklem,jmeiklem7p@nymag.com,171-909-4975,9122 Killdeer Pass,Adani,,Nigeria,
279,Ricki,Quigley,rquigley7q@cloudflare.com,982-267-0304,15 Kedzie Circle,Dian-ay,,Philippines,4221
280,Celine,Harget,charget7r@newyorker.com,810-765-7149,07425 Alpine Center,Guarulhos,,Brazil,07000-000
281,Saunderson,Quartly,squartly7s@usa.gov,873-308-3919,2 Fordem Circle,Xintun,,China,
282,Broderic,Duckwith,bduckwith7t@oakley.com,740-118-7653,8 Lunder Pass,Poitiers,Poitou-Charentes,France,86020 CEDEX
283,Ezequiel,Ayliffe,eayliffe7u@msn.com,844-267-9609,6 Havey Circle,Hongwŏn,,North Korea,
284,Donn,Cockerham,dcockerham7v@mysql.com,166-802-2089,957 Mosinee Drive,Al Ḩarf,,Yemen,
285,Ulrich,Graber,ugraber7w@blogtalkradio.com,812-965-7245,3429 Norway Maple Lane,Pliwetan,,Indonesia,
286,Lissa,Bowles,lbowles7x@constantcontact.com,133-438-7142,743 Brentwood Pass,Zhenjiang,,China,
287,Shandee,Bedrosian,sbedrosian7y@phpbb.com,192-862-2634,379 Green Ridge Lane,El Ksour,,Tunisia,
288,Hazlett,Cocking,hcocking7z@shop-pro.jp,691-382-9239,29350 Hoepker Circle,Minas de Marcona,,Peru,
289,Hurleigh,Blood,hblood80@studiopress.com,238-356-0626,48 Division Court,Campaka,,Indonesia,
290,Dylan,Abrehart,dabrehart81@accuweather.com,576-951-2162,82 Independence Terrace,Nanxi,,China,
291,Torrey,Stark,tstark82@exblog.jp,349-886-5575,437 Golf Avenue,Changtang,,China,
292,Skell,Blaksley,sblaksley83@fc2.com,501-599-7398,59 Monument Court,Little Rock,Arkansas,United States,72204
293,Betsy,Jandac,bjandac84@tumblr.com,450-955-1057,1 Debs Road,Antanhol,Coimbra,Portugal,3040-561
294,Phil,Rozzier,prozzier85@businessweek.com,858-487-7385,48520 Oak Alley,Zhendong,,China,
295,Donnajean,Salvadori,dsalvadori86@wikispaces.com,448-752-4610,83154 Northport Terrace,Bečej,,Serbia,
296,Waylon,Fry,wfry87@nydailynews.com,567-924-5592,1205 Lawn Plaza,Varjota,,Brazil,62265-000
297,Vanna,Paulson,vpaulson88@ed.gov,410-627-8302,6313 Aberg Park,Kirove,,Ukraine,
298,Graham,Stoney,gstoney89@state.gov,207-983-1013,15 Sheridan Point,Dhībīn,,Syria,
299,Jammal,Bows,jbows8a@chron.com,219-806-7640,5 Kings Point,Nancaicun,,China,
300,Marion,Ayscough,mayscough8b@w3.org,191-892-9978,5637 Lake View Drive,Wangjiang,,China,
301,Othilie,Colton,ocolton8c@chronoengine.com,807-791-4565,84118 Paget Way,Guangning,,China,
302,Sullivan,Domenicone,sdomenicone8d@bloglines.com,952-801-4540,48784 Darwin Hill,Eastern Suburbs Mc,New South Wales,Australia,1391
303,Carter,Goldspink,cgoldspink8e@infoseek.co.jp,843-340-6470,8267 Onsgard Terrace,Katumba,,Tanzania,
304,Brittany,Stait,bstait8f@archive.org,731-976-3258,5440 Hoepker Pass,Chalan Pago-Ordot Village,,Guam,96931
305,Darb,Skeeles,dskeeles8g@ed.gov,787-791-0770,931 Hintze Park,Sol’-Iletsk,,Russia,461509
306,Jonie,Tume,jtume8h@hatena.ne.jp,381-624-5842,087 Stoughton Terrace,Bantarjati,,Indonesia,
307,Raffaello,Quarry,rquarry8i@china.com.cn,503-190-1021,8 Ridgeview Crossing,Qixingtai,,China,
308,Erinn,Robardet,erobardet8j@apache.org,355-118-9407,2 Redwing Pass,Maundai,,Indonesia,
309,Odilia,Fidelli,ofidelli8k@house.gov,923-773-5968,583 Bluejay Pass,Nacimiento,,Chile,
310,Zonda,Venn,zvenn8l@salon.com,749-737-8153,89791 Fairview Circle,Vedène,Provence-Alpes-Côte d'Azur,France,84274 CEDEX
311,Marlowe,Snazle,msnazle8m@wufoo.com,164-459-3086,80665 Huxley Center,Cambrai,Nord-Pas-de-Calais,France,59407 CEDEX
312,Alastair,Stiger,astiger8n@sakura.ne.jp,226-540-2294,283 Crescent Oaks Street,Mamara,,Peru,
313,Lanie,Westover,lwestover8o@upenn.edu,319-101-0068,80 Esker Junction,Irtyshskiy,,Russia,644552
314,Harriett,Monan,hmonan8p@slideshare.net,269-639-4832,0372 Northview Point,Sarband,,Tajikistan,
315,Austin,Dumbare,adumbare8q@smugmug.com,921-728-3686,32 Gale Street,Partizansk,,Russia,309311
316,Camey,Glyne,cglyne8r@noaa.gov,645-707-3853,25466 Pankratz Avenue,Parabcan,,Philippines,4424
317,Jemimah,Bravery,jbravery8s@zdnet.com,214-946-6188,40 Bartillon Circle,Naberera,,Tanzania,
318,Frayda,Rosenblath,frosenblath8t@princeton.edu,996-364-3956,93492 Maple Junction,Chengbei,,China,
319,Eugenie,Philipet,ephilipet8u@cargocollective.com,623-889-6531,553 Shopko Road,Shiozawa,,Japan,989-0842
320,Baudoin,Sallans,bsallans8v@hugedomains.com,183-565-0675,1408 Anthes Circle,Ajdabiya,,Libya,
321,Cam,Pfaffe,cpfaffe8w@gov.uk,703-858-9074,3 Homewood Park,New Cebu,,Philippines,7035
322,Marylinda,McLaine,mmclaine8x@etsy.com,154-318-5327,099 Weeping Birch Terrace,Kasakh,,Armenia,
323,Heddi,Vittle,hvittle8y@comcast.net,709-875-5014,511 Barnett Plaza,Bukui,,China,
324,Shana,Inman,sinman8z@prweb.com,531-838-7317,2383 6th Alley,Kiarajangkung,,Indonesia,
325,Shell,Halpen,shalpen90@soup.io,438-948-6554,2563 North Point,Aromashevo,,Russia,412285
326,Amelia,Yurasov,ayurasov91@e-recht24.de,301-985-8096,17530 Park Meadow Avenue,Jaraguá,,Brazil,76330-000
327,Elmo,Mersey,emersey92@theglobeandmail.com,562-846-9028,06226 Dakota Terrace,Los Angeles,California,United States,90071
328,Nickolas,Sammes,nsammes93@icq.com,515-910-4673,0540 Waubesa Terrace,Tibigan,,Philippines,7201
329,Adelbert,Valens-Smith,avalenssmith94@homestead.com,812-189-3012,31012 Forest Dale Plaza,Qiryat Motzkin,,Israel,
330,Ruby,Riddett,rriddett95@jigsy.com,818-360-4878,75 Welch Road,Mendeleyevskiy,,Russia,301070
331,Donaugh,Harral,dharral96@reuters.com,169-665-0474,800 Macpherson Junction,Begowāla,,Pakistan,51360
332,Davide,Jurisic,djurisic97@tiny.cc,342-583-8636,90 Loeprich Plaza,Bełk,,Poland,44-247
333,Roselle,Eat,reat98@comcast.net,149-249-9398,133 Burrows Parkway,Criação Velha,Ilha do Pico,Portugal,9950-225
334,Isadora,Learie,ilearie99@netscape.com,337-999-4401,1380 Hallows Center,Álftanes,,Iceland,225
335,Drucill,Phipard-Shears,dphipardshears9a@techcrunch.com,272-501-8216,25 Hooker Lane,La Sebala du Mornag,,Tunisia,
336,Breanne,Degnen,bdegnen9b@answers.com,197-646-9558,04914 Shelley Point,Longtian,,China,
337,Lewie,Jakobssen,ljakobssen9c@msn.com,679-896-9037,60 Esker Street,Helmsange,,Luxembourg,L-7270
338,Christye,Ianne,cianne9d@list-manage.com,475-507-5827,7 Susan Park,‘Arab ar Rashāydah,,Palestinian Territory,
339,Oriana,Bony,obony9e@google.pl,843-611-2617,51 Swallow Junction,Beaufort,South Carolina,United States,29905
340,Elane,Menere,emenere9f@i2i.jp,132-214-8362,767 Arapahoe Hill,Sandymount,,Ireland,D04
341,Jonell,Norree,jnorree9g@forbes.com,860-867-5410,021 Steensland Terrace,Druya,,Belarus,
342,Cherice,Kupisz,ckupisz9h@sun.com,381-129-2962,84408 Saint Paul Terrace,Velká nad Veličkou,,Czech Republic,696 74
343,Kahaleel,Phython,kphython9i@cam.ac.uk,894-147-5567,873 Caliangt Trail,Gusinoozyorsk,,Russia,671178
344,Delcine,Ambrosch,dambrosch9j@samsung.com,695-352-7839,49 Loomis Avenue,Nankou,,China,
345,Muriel,Markussen,mmarkussen9k@geocities.com,616-824-4194,153 8th Alley,Yingcheng,,China,
346,Gretchen,Ianson,gianson9l@pinterest.com,862-183-4922,8154 7th Drive,As Suwaydā’,,Syria,
347,Marlow,La Wille,mlawille9m@histats.com,795-157-2922,046 Elgar Plaza,Ondores,,Peru,
348,Anetta,Guillotin,aguillotin9n@github.com,742-637-6855,77198 Mitchell Park,Yongfeng,,China,
349,Renate,De Avenell,rdeavenell9o@theglobeandmail.com,512-813-2300,46976 Hovde Point,Austin,Texas,United States,78732
350,Fred,Hammonds,fhammonds9p@furl.net,317-758-9241,99 Vidon Pass,Fredrikstad,Ostfold,Norway,1616
351,Linnet,Glencrash,lglencrash9q@bloglovin.com,366-646-0080,53 Springview Park,Ermelo,,South Africa,2370
352,Saloma,Cubitt,scubitt9r@printfriendly.com,678-157-8104,59619 Sullivan Road,Eiguliai,,Lithuania,56001
353,Shem,McCullagh,smccullagh9s@irs.gov,187-358-9745,7 Old Gate Alley,Chapecó,,Brazil,89800-000
354,Grata,De Vaux,gdevaux9t@naver.com,142-746-2939,70 Helena Circle,Legok,,Indonesia,
355,Catlin,Giorgi,cgiorgi9u@bandcamp.com,446-619-4111,5554 Blackbird Junction,Obroshyne,,Ukraine,
356,Nathalia,Persse,npersse9v@state.tx.us,494-466-5186,2 Bunting Circle,Kilmacanoge,,Ireland,A98
357,Alfreda,Treasure,atreasure9w@statcounter.com,751-417-6850,81 Northfield Avenue,Pallisa,,Uganda,
358,Englebert,Chevin,echevin9x@webnode.com,586-636-2989,3 Buell Avenue,Nanxia,,China,
359,Sibylla,Ladewig,sladewig9y@wordpress.com,595-799-6041,909 Eagan Hill,Karolino-Buhaz,,Ukraine,
360,Weber,Fielder,wfielder9z@nytimes.com,459-199-3523,14 Merchant Way,Voronezh,,Russia,394075
361,Barnebas,Krystof,bkrystofa0@ihg.com,811-323-4085,7 International Street,Pasirnangka,,Indonesia,
362,Malia,McGeechan,mmcgeechana1@desdev.cn,562-362-9173,66 Summer Ridge Road,Bergen,Hordaland,Norway,5012
363,Udell,Arbon,uarbona2@google.com.au,410-577-1554,1978 Amoth Alley,Pasar Kidul,,Indonesia,
364,Irina,Hobbema,ihobbemaa3@java.com,451-549-7185,31 Warner Parkway,Bendo,,Indonesia,
365,Mabelle,Pulster,mpulstera4@people.com.cn,888-256-1201,0 Esch Trail,Borino,,Bulgaria,4824
366,Templeton,Farnall,tfarnalla5@gizmodo.com,757-754-5004,42 Algoma Hill,Montesson,Île-de-France,France,78364 CEDEX
367,Kimberley,Harrowell,kharrowella6@nationalgeographic.com,954-386-6670,52662 Walton Court,Cachimayo,,Peru,
368,Tyson,Hawick,thawicka7@domainmarket.com,875-685-5250,1974 Manufacturers Pass,Nelas,Viseu,Portugal,3520-031
369,Falito,Quadri,fquadria8@abc.net.au,315-985-9850,48 Canary Street,Baiima,,Sierra Leone,
370,Abbot,Beevens,abeevensa9@free.fr,194-985-8179,376 Wayridge Alley,Bayambang,,Philippines,2423
371,Karl,Christoffels,kchristoffelsaa@freewebs.com,797-817-9919,606 Anderson Trail,Chongjin,,North Korea,
372,Bernardina,Mc Kellen,bmckellenab@instagram.com,414-735-6057,43272 Eastwood Circle,Zdolbuniv,,Ukraine,
373,Lyman,O'Mara,lomaraac@vinaora.com,721-784-9805,0774 Mockingbird Parkway,Qi’an,,China,
374,Linnet,Bruckental,lbruckentalad@purevolume.com,325-329-6375,41 Miller Terrace,Polepy,,Czech Republic,411 47
375,Toddy,Thamelt,tthameltae@flickr.com,592-746-9660,5726 Esker Lane,Lavras,,Brazil,37200-000
376,Emmy,Spileman,espilemanaf@usatoday.com,848-196-0565,540 Ridgeway Road,Kaduranca,,Indonesia,
377,Kirby,Britner,kbritnerag@whitehouse.gov,713-418-1458,19150 Londonderry Crossing,Moycullen,,Ireland,A41
378,Kerrin,Wade,kwadeah@seattletimes.com,421-539-7187,2208 Grim Way,Murzuq,,Libya,
379,Rahal,Darnody,rdarnodyai@virginia.edu,895-889-3028,968 Becker Hill,Shejiang,,China,
380,Hope,Riordan,hriordanaj@webnode.com,507-894-0638,604 Sloan Pass,Las Ánimas,,Honduras,
381,Maryanna,Besset,mbessetak@privacy.gov.au,451-447-7927,53 Mayer Crossing,Regimin,,Poland,06-461
382,Faythe,McAughtrie,fmcaughtrieal@washingtonpost.com,778-851-3247,85825 Crowley Park,Luanda,,Angola,
383,Katya,Thickpenny,kthickpennyam@usatoday.com,115-520-1643,81 Westerfield Junction,Chafé,Viana do Castelo,Portugal,4935-584
384,Gigi,Boast,gboastan@icq.com,579-770-0717,94821 Rockefeller Pass,Santiago,Mexico,Mexico,54784
385,Kelly,Ladyman,kladymanao@ebay.co.uk,172-972-2783,6 Moose Pass,Ampara,,Sri Lanka,32000
386,Starr,Beamand,sbeamandap@prnewswire.com,872-228-1277,27 Macpherson Pass,Cikadongdong,,Indonesia,
387,Mohammed,Wride,mwrideaq@hibu.com,783-999-9299,97 La Follette Circle,San Mateo,,Philippines,3318
388,Diego,Guilliatt,dguilliattar@ameblo.jp,496-968-5558,56920 Loftsgordon Terrace,Alupay,,Philippines,3201
389,Carlos,Giddins,cgiddinsas@pagesperso-orange.fr,440-883-4987,27 Roxbury Plaza,Liutao,,China,
390,Ernie,Kibbye,ekibbyeat@shutterfly.com,865-325-6505,17445 Crowley Court,Brant,Ontario,Canada,N3T
391,Brianna,Mattis,bmattisau@apache.org,380-852-4261,6 Stone Corner Street,Bang Pakong,,Thailand,24130
392,Amata,Di Lucia,adiluciaav@patch.com,692-338-0356,4456 Surrey Drive,Shahumyan,,Armenia,
393,Marcelle,Glanister,mglanisteraw@msn.com,157-629-6971,28 Debs Pass,Älvsjö,Stockholm,Sweden,125 46
394,Jocelyne,Tofanelli,jtofanelliax@apache.org,614-819-5779,276 Clove Way,Kulary,,Russia,366606
395,Fredericka,Dowrey,fdowreyay@t-online.de,726-693-9401,35981 Scofield Place,Lab,,China,
396,Kingsly,Havers,khaversaz@irs.gov,899-797-5478,6 Bartelt Hill,Bulusari,,Indonesia,
397,Loella,Scemp,lscempb0@state.tx.us,456-794-3444,97 Ronald Regan Park,Tsubata,,Japan,929-0323
398,Jenica,Floris,jflorisb1@ezinearticles.com,575-212-3577,2 Loeprich Point,Urbiztondo,,Philippines,2414
399,Alleen,Halcro,ahalcrob2@telegraph.co.uk,972-936-9909,33 Commercial Hill,Puor,,Indonesia,
400,Jean,Zukerman,jzukermanb3@webeden.co.uk,348-723-2951,809 Oak Center,Chřibská,,Czech Republic,407 44
401,Carlita,Wombwell,cwombwellb4@artisteer.com,120-470-6251,93 Donald Drive,Kedian,,China,
402,Skylar,Bullough,sbulloughb5@hc360.com,876-798-5521,3739 Morrow Road,Almere Haven,Provincie Flevoland,Netherlands,1354
403,Rob,Pluvier,rpluvierb6@wisc.edu,788-596-3979,23 Pankratz Parkway,Iłowa,,Poland,68-120
404,Chelsie,Possel,cposselb7@diigo.com,297-348-9516,000 Blue Bill Park Place,Huangdi,,China,
405,Rolfe,Lidington,rlidingtonb8@npr.org,725-344-6960,7 Kipling Pass,Saribudolok,,Indonesia,
406,Lonnard,Balasin,lbalasinb9@infoseek.co.jp,280-190-2017,807 Heffernan Junction,Oak Bay,British Columbia,Canada,V8S
407,Joletta,Bartholomaus,jbartholomausba@uiuc.edu,265-645-2515,5974 Melody Road,Abha,,Saudi Arabia,
408,Ada,Caldecutt,acaldecuttbb@angelfire.com,664-813-8840,4 Straubel Court,Brudzeń Duży,,Poland,09-414
409,Deedee,Mindenhall,dmindenhallbc@simplemachines.org,542-352-4909,71 Linden Lane,Radymno,,Poland,37-550
410,Jasper,Ewbanks,jewbanksbd@discuz.net,690-481-7545,731 Hintze Hill,Casal do Conde,Santarém,Portugal,2330-524
411,Elsinore,Mapstone,emapstonebe@merriam-webster.com,563-240-1764,52480 Surrey Lane,Yinhedahan’er,,China,
412,Bourke,Dottridge,bdottridgebf@skyrock.com,847-311-6861,057 Kenwood Point,Sanguinheira,Coimbra,Portugal,3060-816
413,Benetta,Oxburgh,boxburghbg@xinhuanet.com,286-978-5334,399 Menomonie Plaza,Blois,Centre,France,41904 CEDEX 9
414,Zia,Klimentyev,zklimentyevbh@smh.com.au,653-431-3971,1393 Blackbird Lane,Kiryandongo,,Uganda,
415,Clarette,Verlander,cverlanderbi@facebook.com,650-469-8496,7 Butternut Drive,Mâcon,Bourgogne,France,71024 CEDEX 9
416,Lodovico,Lynas,llynasbj@npr.org,360-239-5572,04 Mendota Park,Kraczkowa,,Poland,37-124
417,Meaghan,Cawood,mcawoodbk@apache.org,971-962-1106,90 Kim Street,Vigo,Galicia,Spain,36210
418,Karisa,Michelle,kmichellebl@google.fr,750-637-8095,4240 Park Meadow Lane,Huilelot,,Indonesia,
419,Caprice,Verrechia,cverrechiabm@salon.com,941-444-5993,89 Pankratz Street,Limbuhan,,Philippines,7203
420,Lorianne,Shetliff,lshetliffbn@ox.ac.uk,270-368-7426,27403 7th Terrace,Rahama,,Nigeria,
421,Duffy,Hebblewaite,dhebblewaitebo@google.it,495-709-9760,112 Hollow Ridge Junction,Jalinan,,Indonesia,
422,Renae,Surgood,rsurgoodbp@xrea.com,597-905-7775,4 Blaine Drive,Olejet,,Indonesia,
423,Andreana,Cocher,acocherbq@g.co,529-766-1011,03 Kim Alley,Sabinópolis,,Brazil,39750-000
424,Erl,Leteurtre,eleteurtrebr@nymag.com,930-940-6155,3 Daystar Terrace,Seymchan,,Russia,686164
425,Jeniece,Pinniger,jpinnigerbs@nydailynews.com,160-709-7866,59 Mccormick Road,Sandwīp,,Bangladesh,4302
426,Dorey,Howship,dhowshipbt@businessweek.com,978-782-9630,8 Nobel Road,Senggapi,,Indonesia,
427,Gertrude,Innett,ginnettbu@booking.com,971-241-5386,235 Beilfuss Alley,Morrito,,Nicaragua,
428,Alon,Kohnert,akohnertbv@sina.com.cn,368-639-9157,8057 Pine View Parkway,Tsimlyansk,,Russia,347320
429,Stella,De Fries,sdefriesbw@wunderground.com,109-409-6211,50 Pierstorff Drive,Kengkou,,China,
430,Fredi,Munkton,fmunktonbx@discovery.com,636-382-7842,1606 Warner Park,Kihancha,,Kenya,
431,Bernardine,Dimitriou,bdimitriouby@columbia.edu,340-557-4262,12 Northview Court,Ust’-Izhora,,Russia,196658
432,Fanny,Dykas,fdykasbz@prweb.com,414-362-5760,975 Sauthoff Pass,Gaojiazhuang,,China,
433,Izak,Andriveau,iandriveauc0@wikispaces.com,579-432-3433,6137 Mendota Center,Nanmen,,China,
434,Kelci,Labb,klabbc1@odnoklassniki.ru,190-629-2103,815 Thierer Junction,Ljungskile,Västra Götaland,Sweden,459 91
435,Judy,Rance,jrancec2@phpbb.com,465-924-1817,22594 Chive Lane,Boconó,,Venezuela,
436,Kamila,Worral,kworralc3@cyberchimps.com,924-147-5797,67199 Cody Way,Ahar,,Iran,
437,Webster,Vanini,wvaninic4@github.io,544-851-5447,03 Anthes Park,Obryte,,Poland,07-215
438,Gregorius,Nappin,gnappinc5@jigsy.com,645-871-1215,56639 Kropf Parkway,Orocuina,,Honduras,
439,Desi,Short,dshortc6@pen.io,741-547-0775,4 Green Ridge Lane,Urek-urek,,Indonesia,
440,Elvyn,Swafford,eswaffordc7@cpanel.net,511-185-5598,347 Grover Place,Żółkiewka,,Poland,22-335
441,Ninnetta,Pietrzak,npietrzakc8@e-recht24.de,588-482-0584,0 Drewry Terrace,Bull Savanna,,Jamaica,
442,Libbi,Follis,lfollisc9@addtoany.com,634-483-0989,85978 Golf Crossing,La Roche-sur-Yon,Pays de la Loire,France,85009 CEDEX
443,Shay,Sigart,ssigartca@elegantthemes.com,716-295-3805,89 Gateway Court,Temuco,,Chile,
444,Tiffi,Tower,ttowercb@usnews.com,379-357-6728,129 Truax Parkway,Francisco I Madero,Chiapas,Mexico,30853
445,Katine,Blundell,kblundellcc@bandcamp.com,551-957-5238,8 Rigney Circle,Rimba Sekampung,,Indonesia,
446,Levy,Seagar,lseagarcd@flavors.me,575-175-1188,19 Lerdahl Court,Boju,,Nigeria,
447,Mattie,Cherry,mcherryce@nymag.com,522-597-7662,811 Katie Place,Aglipay,,Philippines,3403
448,Dido,Massinger,dmassingercf@xing.com,951-112-8973,602 Northview Street,Libas,,Philippines,8418
449,Loella,Funnell,lfunnellcg@umn.edu,382-312-0543,72227 Lotheville Center,Korsze,,Poland,11-430
450,Sileas,Haddrill,shaddrillch@loc.gov,680-659-5333,07 Fulton Lane,Zimovniki,,Russia,347460
451,Shelden,Treece,streececi@plala.or.jp,317-289-0499,6 Independence Terrace,Villa María,,Argentina,5900
452,Vyky,Curedell,vcuredellcj@nature.com,381-944-0282,30078 Ridgeway Street,Agustín Codazzi,,Colombia,202058
453,Huntley,Cockran,hcockranck@xrea.com,685-777-2495,6 Gale Pass,Hisings Kärra,Västra Götaland,Sweden,425 65
454,Torey,Braundt,tbraundtcl@usnews.com,517-519-7477,5 Scott Trail,Mtwara,,Tanzania,
455,Carlynn,Lumm,clummcm@ed.gov,775-836-8584,0 Express Terrace,Oranjestad,,Aruba,
456,Andriana,Yerrill,ayerrillcn@woothemes.com,687-278-5609,31 Crest Line Plaza,Slovenski Javornik,,Slovenia,4274
457,Thorstein,O'Lagene,tolageneco@biglobe.ne.jp,831-140-3838,5544 Sloan Avenue,Czarna Woda,,Poland,83-262
458,Val,Culpin,vculpincp@usnews.com,680-827-7646,233 Havey Crossing,Melchor de Mencos,,Guatemala,17011
459,Tressa,Vickerstaff,tvickerstaffcq@cmu.edu,893-105-4224,95 Coolidge Junction,Huangtang,,China,
460,Martina,Ryall,mryallcr@cmu.edu,698-671-0608,1791 Melody Way,Timrat,,Israel,
461,Doug,Khosa,dkhosacs@dropbox.com,276-567-7201,557 Kings Road,Wangzuizi,,China,
462,Gratia,Redwin,gredwinct@nhs.uk,262-788-2961,2 Troy Hill,Gongdao,,China,
463,Cosette,L'Hommeau,clhommeaucu@ted.com,504-356-3108,472 Dunning Court,Khorixas,,Namibia,
464,Fair,Bessell,fbessellcv@sbwire.com,243-851-1916,892 Hayes Road,Fresnes,Île-de-France,France,94269 CEDEX
465,Bertram,Spenley,bspenleycw@unc.edu,152-340-6958,3794 Bartillon Alley,Krajan Gebangan,,Indonesia,
466,Nicolais,Bushel,nbushelcx@g.co,665-220-1074,8586 Badeau Avenue,Sanxi,,China,
467,Mart,Redsall,mredsallcy@de.vu,665-239-7156,9 Drewry Hill,Qiantang,,China,
468,Olva,Drinkhall,odrinkhallcz@github.com,617-579-7476,3 Heffernan Crossing,Boston,Massachusetts,United States,02114
469,Sapphire,Wilkinson,swilkinsond0@wired.com,376-451-2032,0407 Mariners Cove Avenue,København,Region Hovedstaden,Denmark,1349
470,Jethro,Matieu,jmatieud1@xinhuanet.com,226-608-5159,995 Ronald Regan Avenue,Saraktash,,Russia,462159
471,Isaac,Arrowsmith,iarrowsmithd2@hubpages.com,743-147-7993,6098 Forster Center,Yên Mỹ,,Vietnam,
472,Carmen,Cormack,ccormackd3@usatoday.com,927-823-7294,608 Dapin Terrace,Tangtu,,China,
473,Maribel,Mantione,mmantioned4@wsj.com,207-344-9423,80859 Ruskin Street,Bilicenii Vechi,,Moldova,MD-6214
474,Thorpe,Svanini,tsvaninid5@ovh.net,638-625-4402,2340 Fallview Parkway,Demerval Lobão,,Brazil,64390-000
475,Lanie,Keppe,lkepped6@imdb.com,590-959-2198,183 Nova Plaza,Starcevica,,Bosnia and Herzegovina,
476,Sybila,Chadney,schadneyd7@irs.gov,591-867-4422,0256 Commercial Center,Banjar Pasekan,,Indonesia,
477,Tuck,Duberry,tduberryd8@ocn.ne.jp,840-948-2428,65 Ilene Terrace,Kauran,,Philippines,1106
478,Christean,Brendel,cbrendeld9@disqus.com,191-340-5918,8 Carioca Park,Muaraenim,,Indonesia,
479,Farlee,Pattemore,fpattemoreda@moonfruit.com,870-616-3606,801 Summer Ridge Lane,Pil’na,,Russia,607483
480,Coop,Muscott,cmuscottdb@addtoany.com,850-146-4155,21 Canary Plaza,Meilong,,China,
481,Laverna,Colebourne,lcolebournedc@twitter.com,544-611-2207,626 Menomonie Place,Ciudad Bolívar,,Colombia,056468
482,Dorena,Youd,dyouddd@mozilla.org,827-428-3958,5912 Oneill Trail,Bosanski Brod,,Bosnia and Herzegovina,
483,Samantha,Celler,scellerde@msu.edu,670-664-7615,9 Bellgrove Plaza,Ralevka,,Ukraine,
484,Wandis,Sewter,wsewterdf@sina.com.cn,940-988-9388,94779 Sugar Circle,São Luiz Gonzaga,,Brazil,97800-000
485,Sancho,Pettwood,spettwooddg@webs.com,431-896-9528,422 Northland Crossing,Riobamba,,Ecuador,
486,Paton,Bleazard,pbleazarddh@wikispaces.com,995-976-8965,5 Dahle Plaza,Aldeia da Piedade,Setúbal,Portugal,2925-017
487,Felicio,Davydoch,fdavydochdi@devhub.com,409-679-0672,46304 Pawling Plaza,Brzeźnica,,Poland,68-113
488,Christophorus,Restill,crestilldj@plala.or.jp,801-458-9781,63854 Thackeray Center,Muravlenko,,Russia,102293
489,Gwenni,Spataro,gspatarodk@imdb.com,248-851-0783,9 Stoughton Pass,Lyubimets,,Bulgaria,6522
490,Rafferty,Howford,rhowforddl@tuttocitta.it,382-234-8396,6 Toban Hill,Sedati,,Indonesia,
491,Quillan,Brigstock,qbrigstockdm@nature.com,943-368-2790,515 Erie Center,Shanghang,,China,
492,Kanya,Lindley,klindleydn@360.cn,886-820-4789,64374 Blaine Avenue,Fresnes,Île-de-France,France,94269 CEDEX
493,Fredelia,Bellinger,fbellingerdo@marriott.com,162-350-2113,153 Merrick Park,Libacao,,Philippines,5602
494,Daphna,Archer,darcherdp@posterous.com,526-946-5510,51436 Havey Hill,Yuncheng,,China,
495,Duane,Chedgey,dchedgeydq@creativecommons.org,922-801-2412,62394 Lakewood Lane,Hongchun,,China,
496,Barris,Pauly,bpaulydr@photobucket.com,824-484-8616,56983 Mayer Park,Jiangwan,,China,
497,Phaidra,Hayen,phayends@purevolume.com,804-127-5795,312 Rockefeller Plaza,Alvide,Lisboa,Portugal,2755-025
498,Mirella,Gawkes,mgawkesdt@mit.edu,803-668-5234,5031 Rowland Parkway,Ōme,,Japan,357-0056
499,Malynda,Earey,meareydu@loc.gov,756-900-7386,918 Bellgrove Center,Bindang,,Indonesia,
500,Joete,Caughey,jcaugheydv@mozilla.com,202-407-8345,119 Rieder Street,Çobansığnaq,,Azerbaijan,
501,Ingar,Eyles,ieylesdw@squidoo.com,152-413-4931,33384 Quincy Crossing,Granard,,Ireland,D09
502,Robin,Bundock,rbundockdx@ocn.ne.jp,323-985-5569,155 Division Point,Wangdian,,China,
503,Giavani,Halgarth,ghalgarthdy@w3.org,228-765-7784,5509 Comanche Park,Santol,,Philippines,2516
504,Marlee,McEvilly,mmcevillydz@soup.io,656-169-7230,24 Reinke Place,Lhoknga,,Indonesia,
505,Felicio,Baiyle,fbaiylee0@java.com,896-501-5682,57 Eliot Crossing,Trudobelikovskiy,,Russia,353810
506,Em,Testo,etestoe1@symantec.com,442-890-0580,3 Laurel Circle,Valinhos,Porto,Portugal,4580-389
507,Fabio,Loyley,floyleye2@accuweather.com,812-252-2920,172 Summer Ridge Point,Combapata,,Peru,
508,Efrem,Cyster,ecystere3@springer.com,577-278-6737,15 Eastwood Parkway,Kalianyar Selatan,,Indonesia,
509,Alfie,Gilhouley,agilhouleye4@msu.edu,234-951-2039,248 Ridgeway Plaza,Yanji,,China,
510,Patrica,Litzmann,plitzmanne5@redcross.org,341-263-2130,21979 Graedel Trail,Skoútari,,Greece,
511,Jerry,Fischer,jfischere6@berkeley.edu,534-890-5210,8032 Dottie Pass,Singkir,,Indonesia,
512,Ofelia,Kitchingman,okitchingmane7@msn.com,511-787-7028,657 Manley Plaza,Cetinje,,Montenegro,
513,Lisetta,Wiggam,lwiggame8@nytimes.com,873-942-7786,9279 Nobel Drive,Challhuahuacho,,Peru,
514,Merv,Dutch,mdutche9@tinypic.com,753-432-4091,11 Namekagon Court,Pangnirtung,Nunavut,Canada,M5T
515,Anette,Moscrop,amoscropea@cyberchimps.com,717-334-3259,75627 Pearson Crossing,Stockholm,Stockholm,Sweden,113 44
516,Gay,Philpots,gphilpotseb@istockphoto.com,370-772-4961,8 Hoepker Avenue,Fenglin,,China,
517,Haily,Luttgert,hluttgertec@delicious.com,881-387-3337,702 West Parkway,Vavoua,,Ivory Coast,
518,Simona,Flawn,sflawned@wunderground.com,890-917-3528,962 Derek Point,Itapecerica,,Brazil,35550-000
519,Dorothy,Crowder,dcrowderee@google.it,269-963-4661,37 Norway Maple Parkway,Babatngon,,Philippines,6520
520,Emmett,Guidera,eguideraef@mlb.com,769-370-3182,304 Cottonwood Alley,Dongjiahe,,China,
521,Corty,Tieraney,ctieraneyeg@guardian.co.uk,254-612-5846,2 Oriole Pass,Jianshan,,China,
522,Natassia,Rolston,nrolstoneh@seesaa.net,188-613-1518,44056 Crownhardt Parkway,Skärholmen,Stockholm,Sweden,127 43
523,Mikol,Danks,mdanksei@webmd.com,818-343-8441,107 Corscot Terrace,Glendale,California,United States,91210
524,Cristine,Biddle,cbiddleej@jugem.jp,130-434-5275,90329 Almo Crossing,Buluangan,,Philippines,1479
525,Maddi,Trenouth,mtrenouthek@seesaa.net,218-621-6699,612 Northland Circle,Westport,,New Zealand,7866
526,Isaak,Butterly,ibutterlyel@unblog.fr,490-698-8581,8762 Fordem Center,Enrile,,Philippines,3501
527,Koren,Phinn,kphinnem@google.pl,175-217-8712,56 Lighthouse Bay Pass,Kuala Tuha,,Indonesia,
528,Kellina,Bransdon,kbransdonen@lycos.com,316-648-5947,5901 Meadow Ridge Trail,Luohe,,China,
529,Pepe,Josephov,pjosephoveo@cornell.edu,239-793-9903,88 Hooker Way,Lima Pampa,,Peru,
530,Hermione,Forgan,hforganep@dailymail.co.uk,539-104-5102,835 Swallow Pass,Posse,,Brazil,73900-000
531,Wendi,Ousby,wousbyeq@photobucket.com,330-356-9244,7 Harper Point,Novoaltaysk,,Russia,658089
532,Baudoin,Royds,broydser@npr.org,376-177-1607,736 Dayton Point,Anaco,,Venezuela,
533,Sarine,Akhurst,sakhurstes@tumblr.com,363-188-1292,0476 Coolidge Street,Amu Gulang Baolige,,China,
534,Orly,Claringbold,oclaringboldet@homestead.com,497-632-0467,00893 Schlimgen Point,Pakapasan Girang,,Indonesia,
535,Norbert,Swalough,nswalougheu@de.vu,880-867-5986,5468 Monument Parkway,Mariara,,Venezuela,
536,Mercedes,Mayne,mmayneev@123-reg.co.uk,613-909-7387,7 Colorado Point,Rancharia,,Brazil,19600-000
537,Kerr,Mushett,kmushettew@seattletimes.com,611-700-1213,94 Del Mar Road,Belsh,,Albania,
538,Jasun,Angelo,jangeloex@livejournal.com,501-938-9150,2605 Washington Hill,Kaliterus,,Indonesia,
539,Lorant,Howel,lhoweley@dropbox.com,450-764-1066,64 Village Lane,Reims,Champagne-Ardenne,France,51086 CEDEX
540,Rolf,Charity,rcharityez@themeforest.net,946-157-6255,65 Mcbride Center,Wangcun,,China,
541,Quinn,Levane,qlevanef0@google.co.uk,704-808-7656,82 Barnett Circle,Singgit,,Indonesia,
542,Manon,Robker,mrobkerf1@aboutads.info,521-766-2462,7183 Tennyson Way,Calebasses,,Mauritius,
543,Francois,Licari,flicarif2@ning.com,875-814-5275,5849 Acker Circle,Jadho,,Indonesia,
544,Terza,Gallymore,tgallymoref3@weebly.com,929-935-7758,081 Eggendart Pass,Rudna,,Poland,59-305
545,Simonette,Duffer,sdufferf4@linkedin.com,400-829-7489,79 Prentice Lane,Bojano,,Poland,84-208
546,Kynthia,Shrubb,kshrubbf5@oracle.com,398-503-6909,43701 Merrick Drive,Ganyi,,China,
547,Natale,Mackin,nmackinf6@yellowpages.com,411-795-3877,1605 Maple Circle,Ngrejo,,Indonesia,
548,Valle,Wilbor,vwilborf7@washington.edu,378-776-9312,753 Knutson Pass,Myski,,Russia,652849
549,Pauline,Bradane,pbradanef8@irs.gov,606-258-4552,86533 Butterfield Court,Aketi,,Democratic Republic of the Congo,
550,Lura,Millard,lmillardf9@nsw.gov.au,677-887-3032,6 Oriole Place,Taman,,Indonesia,
551,Hastie,Chatelain,hchatelainfa@prweb.com,146-965-8164,1 Graceland Hill,Siqu,,China,
552,Clerkclaude,Paffley,cpaffleyfb@nps.gov,373-476-8607,8 Ruskin Park,Ramada,Lisboa,Portugal,2620-188
553,Jaimie,Burrows,jburrowsfc@kickstarter.com,988-946-4637,935 Granby Park,Majengo,,Tanzania,
554,Tiffy,Whiteway,twhitewayfd@smh.com.au,221-385-4224,22 Bellgrove Alley,Donghai,,China,
555,Niko,Newby,nnewbyfe@sina.com.cn,951-744-2239,7795 Lighthouse Bay Park,Dukuhsia,,Indonesia,
556,Toni,Nyssens,tnyssensff@fda.gov,781-179-5856,15089 Warbler Way,Américo Brasiliense,,Brazil,14820-000
557,Tris,Musgrove,tmusgrovefg@jalbum.net,235-513-6340,36 Hoffman Pass,Sendangkemulian,,Indonesia,
558,Vernice,Tidmas,vtidmasfh@answers.com,803-518-0266,87860 Del Mar Pass,Ar Rudayyif,,Tunisia,
559,Joeann,Dawby,jdawbyfi@earthlink.net,961-114-3969,892 Delaware Court,Quchanghī,,Afghanistan,
560,Itch,Bestiman,ibestimanfj@wix.com,654-708-8365,0 Mcguire Way,Mainri,,China,
561,Taite,Grabert,tgrabertfk@example.com,151-898-9489,48383 Sunnyside Center,Gayle,,Jamaica,
562,Dacy,Mowling,dmowlingfl@omniture.com,724-703-2239,25 Dorton Avenue,Nova Friburgo,,Brazil,28600-000
563,Harriett,Rumsey,hrumseyfm@skyrock.com,235-521-5997,2 7th Hill,Kavallári,,Greece,
564,Wenona,Boribal,wboribalfn@pcworld.com,245-113-9214,05413 4th Trail,Tolosa,,Philippines,6503
565,Gideon,Wooff,gwoofffo@github.io,455-786-5952,569 Raven Court,Forbach,Lorraine,France,57609 CEDEX
566,Shandeigh,Kybird,skybirdfp@youku.com,682-268-5630,9048 West Park,Guanmiao,,China,
567,Blondell,Joburn,bjoburnfq@dmoz.org,528-872-2760,846 Tomscot Way,Cuauhtemoc,Guerrero,Mexico,40068
568,Buiron,Twinbourne,btwinbournefr@csmonitor.com,880-383-8920,815 Ludington Place,Lampitak,,Philippines,1253
569,Robbin,Hargitt,rhargittfs@phoca.cz,808-224-4372,33260 Brentwood Avenue,Guantian,,China,
570,Dacia,Cottel,dcottelft@devhub.com,422-322-6850,2876 Norway Maple Plaza,Diaofeng,,China,
571,Kayle,Antoszewski,kantoszewskifu@51.la,730-597-5461,4 Jana Park,Cluain Meala,,Ireland,E91
572,Ofelia,Darlow,odarlowfv@imdb.com,950-328-1670,98087 Corben Drive,Vale da Bajouca,Leiria,Portugal,2425-207
573,Skell,Gillean,sgilleanfw@cdbaby.com,115-558-5632,916 Warrior Terrace,Annau,,Turkmenistan,
574,Melany,Medcalf,mmedcalffx@slideshare.net,273-666-1069,02 Vermont Place,Birqīn,,Palestinian Territory,
575,Chilton,Cattrell,ccattrellfy@google.co.uk,948-999-5267,36155 Summit Street,Centar Župa,,Macedonia,1239
576,Juanita,Ferroli,jferrolifz@amazon.co.uk,908-107-9447,139 Knutson Park,Kadupayung,,Indonesia,
577,Sax,Bordis,sbordisg0@gnu.org,406-889-3888,8540 Nelson Street,Burgersfort,,South Africa,1160
578,Iorgos,Fernyhough,ifernyhoughg1@nasa.gov,908-510-7201,5595 Elmside Place,Angers,Pays de la Loire,France,49023 CEDEX 02
579,Suzi,Mapston,smapstong2@theglobeandmail.com,921-745-7855,531 Union Court,Pathum Thani,,Thailand,53140
580,Delaney,Goodwins,dgoodwinsg3@cdc.gov,462-568-3172,84378 Logan Circle,Naikoten Dua,,Indonesia,
581,Joceline,Hulland,jhullandg4@marketwatch.com,142-930-4048,2388 Clarendon Circle,Taubaté,,Brazil,12000-000
582,Ashlie,Ludlem,aludlemg5@mashable.com,968-279-2598,5 Alpine Trail,San Isidro,,Philippines,8421
583,Laurianne,Garton,lgartong6@gizmodo.com,396-228-7380,2 Granby Hill,Yingtou,,China,
584,Tommie,Gyles,tgylesg7@reddit.com,236-413-5348,7 Beilfuss Park,Yaohua,,China,
585,Calypso,Goodwill,cgoodwillg8@independent.co.uk,498-542-6290,2 Loftsgordon Trail,Lapinjärvi,,Finland,07800
586,Alexis,Dall,adallg9@nba.com,909-562-9933,2 Roth Court,Leceia,Lisboa,Portugal,2730-060
587,Jyoti,O'Hannen,johannenga@flickr.com,183-768-8368,47 Hudson Crossing,Prinza,,Philippines,2008
588,Datha,Staig,dstaiggb@icio.us,464-807-6551,00 Merry Road,Portela,Leiria,Portugal,2430-162
589,Boigie,Deshorts,bdeshortsgc@php.net,619-465-9451,14365 Summit Way,Kwikila,,Papua New Guinea,
590,Charmion,Reisin,creisingd@hubpages.com,402-151-5027,8549 Spenser Parkway,Voskhod,,Ukraine,
591,Beniamino,Coucha,bcouchage@so-net.ne.jp,511-931-4576,4356 Ludington Parkway,San Jerónimo,,Guatemala,15007
592,Madella,Jinda,mjindagf@google.de,421-525-5246,495 Hovde Place,Znojmo,,Czech Republic,671 81
593,Rodolph,Burnhill,rburnhillgg@ow.ly,431-858-4796,226 Holy Cross Crossing,Fernandópolis,,Brazil,15600-000
594,Karoline,Moffet,kmoffetgh@msu.edu,876-339-8516,27 Marcy Circle,Hane,,Indonesia,
595,Isabel,Sandeland,isandelandgi@fema.gov,410-955-0800,903 Charing Cross Terrace,Acobamba,,Peru,
596,Jacinthe,Yapp,jyappgj@csmonitor.com,477-946-9901,6712 Vermont Parkway,Cardona,,Philippines,1950
597,Schuyler,Langwade,slangwadegk@weebly.com,401-419-5417,4 Di Loreto Drive,Tsowkêy,,Afghanistan,
598,Mindy,Senescall,msenescallgl@paginegialle.it,513-743-3518,91 Vidon Way,Cincinnati,Ohio,United States,45254
599,Marjy,Petch,mpetchgm@google.fr,274-584-7526,9 Barby Trail,Shaxi,,China,
600,Chrotoem,Dohrmann,cdohrmanngn@clickbank.net,941-592-8186,1 Thompson Lane,Sūrāb,,Pakistan,23161
601,Ibbie,Borne,ibornego@sogou.com,851-238-7125,3822 Fairview Street,Odintsovo,,Russia,143082
602,Cornall,Savaage,csavaagegp@histats.com,973-712-3323,6452 Ohio Road,Paterson,New Jersey,United States,07505
603,Bendix,Remington,bremingtongq@mysql.com,292-524-2220,069 Derek Road,Tebingtinggi,,Indonesia,
604,Antonietta,Wilce,awilcegr@accuweather.com,557-209-2704,73 Holmberg Plaza,La Mesa,,Colombia,252608
605,Harwilll,De la Yglesia,hdelayglesiags@blogger.com,876-898-7960,3 Browning Park,Igrejinha,,Brazil,95650-000
606,Bartie,Ellcock,bellcockgt@cnn.com,370-538-5507,1299 Katie Park,Zhanghua,,China,
607,Garvy,Gallelli,ggallelligu@imdb.com,863-687-8227,503 Stephen Point,Svenljunga,Västra Götaland,Sweden,512 93
608,Lurleen,Martschik,lmartschikgv@blogs.com,683-423-8767,3257 Duke Plaza,Ambo Village,,Kiribati,
609,Madalyn,Cuttell,mcuttellgw@wsj.com,507-530-4231,1893 Wayridge Pass,Ceres,,Argentina,2340
610,Marcela,Trimble,mtrimblegx@nbcnews.com,829-745-5582,0606 Rutledge Pass,Cayna,,Peru,
611,Hal,Deware,hdewaregy@altervista.org,399-701-9038,44 Blackbird Point,Ciudad Vieja,,Guatemala,03012
612,Evangelia,Potier,epotiergz@bizjournals.com,642-398-7652,14 Sycamore Parkway,Zaoshi,,China,
613,Shaw,Faux,sfauxh0@npr.org,334-227-8412,6 School Pass,Arboga,Västmanland,Sweden,732 24
614,Roderigo,Cassely,rcasselyh1@cbslocal.com,544-275-7684,310 Pierstorff Park,Sandymount,,Ireland,D04
615,Tarra,Yurkevich,tyurkevichh2@disqus.com,643-740-8553,90 Lakeland Lane,La Unión,,Guatemala,19009
616,Tori,Dennington,tdenningtonh3@wix.com,658-999-8665,7 Fallview Parkway,Mondragon,,Philippines,6417
617,Marja,Mathes,mmathesh4@cisco.com,168-573-0432,86323 Dryden Point,Jardín,,Colombia,056057
618,Duke,Ricardet,dricardeth5@goodreads.com,905-149-5893,2 Sutherland Drive,Sirājganj,,Bangladesh,5611
619,Kendrick,Van Vuuren,kvanvuurenh6@ezinearticles.com,701-914-0558,82 Stang Junction,Sucre,,Peru,
620,Tildy,Galea,tgaleah7@prlog.org,138-915-7275,3 Sycamore Alley,Lunas,,Philippines,6324
621,Giselle,Leathers,gleathersh8@prlog.org,690-765-7092,9339 Cambridge Alley,Ostrów Lubelski,,Poland,21-110
622,Mada,Silliman,msillimanh9@hhs.gov,402-638-3128,09257 Steensland Court,Mindyak,,Russia,175320
623,Edna,Terry,eterryha@msn.com,642-595-4288,6 Pine View Pass,Shengtang,,China,
624,Silvain,O' Flaherty,soflahertyhb@rakuten.co.jp,478-903-2015,01547 Oak Valley Court,Buíque,,Brazil,56520-000
625,Man,Deverale,mdeveralehc@elegantthemes.com,890-578-0633,5 Clemons Park,Strömsnäsbruk,Kronoberg,Sweden,287 32
626,Sheffy,Cowhig,scowhighd@admin.ch,623-722-1788,86322 Stang Road,Mežica,,Slovenia,2392
627,Melody,Debow,mdebowhe@cyberchimps.com,901-875-9856,5550 Tennessee Crossing,Orléans,Centre,France,45045 CEDEX 1
628,Michaela,Ludwikiewicz,mludwikiewiczhf@jiathis.com,782-565-5672,62985 Gateway Terrace,Benzilan,,China,
629,Zarla,Mucklo,zmucklohg@moonfruit.com,861-138-0078,866 Mitchell Lane,Oyonnax,Rhône-Alpes,France,01117 CEDEX
630,Ker,Lapidus,klapidushh@digg.com,496-379-0021,854 Forest Run Court,Replot,,Finland,94830
631,Christy,Radbond,cradbondhi@state.gov,402-304-1854,509 Mallard Street,Mancos,,Peru,
632,Steward,Goodge,sgoodgehj@mapquest.com,653-158-0996,780 Loeprich Lane,São Bartolomeu,Lisboa,Portugal,2530-700
633,Pammie,Suggate,psuggatehk@craigslist.org,122-737-2379,45264 School Alley,Oltinko’l,,Uzbekistan,
634,Roseanna,Chapiro,rchapirohl@nba.com,507-920-5521,5 Luster Park,Chiţcani,,Moldova,MD-5727
635,Trescha,Verring,tverringhm@webmd.com,658-254-4320,7 Karstens Court,Dalam,,Indonesia,
636,Kerby,Cuttin,kcuttinhn@businessinsider.com,434-669-7480,4518 Division Pass,Bentar,,Indonesia,
637,Lindsey,Sacco,lsaccoho@ebay.co.uk,435-790-2197,993 Ruskin Lane,Huliao,,China,
638,Earlie,Ciani,ecianihp@tumblr.com,466-132-3104,8 Dixon Alley,Boyu,,China,
639,Averil,Randals,arandalshq@shareasale.com,106-820-5757,442 Marquette Way,Dimitrovgrad,,Serbia,
640,Rosanne,Dwyer,rdwyerhr@mtv.com,187-848-5637,53 Troy Plaza,Fazhan,,China,
641,Brigg,Mion,bmionhs@etsy.com,639-872-7605,3 Crowley Terrace,San Bernardino,,Guatemala,10004
642,Irma,Vasechkin,ivasechkinht@goo.ne.jp,921-329-3897,5386 Farwell Terrace,Kos,,Greece,
643,Fritz,McCreath,fmccreathhu@soup.io,627-659-2648,2 Susan Way,Yongxing Chengguanzhen,,China,
644,Baillie,Ham,bhamhv@hibu.com,422-317-3870,9231 Homewood Lane,Guinsang-an,,Philippines,9508
645,Earvin,Pennicard,epennicardhw@toplist.cz,240-475-7812,760 New Castle Lane,Rathangan,,Ireland,A45
646,Adolphe,Duly,adulyhx@histats.com,128-501-9856,928 Meadow Vale Trail,Sosnovaya Polyana,,Russia,182157
647,Adam,Sherston,asherstonhy@liveinternet.ru,211-834-9085,41810 Namekagon Alley,Delong,,China,
648,Dolf,Service,dservicehz@flickr.com,946-761-5679,815 Hazelcrest Terrace,Sainte-Marthe-sur-le-Lac,Québec,Canada,H9K
649,Bellina,Bonifant,bbonifanti0@slideshare.net,631-242-6104,9 Glendale Park,la Massana,,Andorra,AD400
650,Mick,Whitehair,mwhitehairi1@acquirethisname.com,354-508-0586,79 Elka Plaza,Koźmin Wielkopolski,,Poland,63-720
651,Remus,Luby,rlubyi2@psu.edu,299-848-1944,2922 Vidon Pass,Zhengcun,,China,
652,Emmeline,Eicke,eeickei3@sphinn.com,916-278-8584,0 Talisman Lane,Lanlongkou,,China,
653,Max,Kleinstub,mkleinstubi4@netscape.com,501-861-1316,40611 Muir Road,El Estor,,Guatemala,18003
654,Anestassia,O'Halloran,aohallorani5@taobao.com,189-260-9322,2 Ruskin Drive,Jarry,Guadeloupe,Guadeloupe,97199 CEDEX
655,Thea,Alldridge,talldridgei6@scribd.com,125-628-6486,578 Scofield Park,Antang,,China,
656,Ruthe,Thornhill,rthornhilli7@census.gov,765-651-8592,50633 Lien Place,Kirkland,Québec,Canada,H9J
657,Nefen,Slyman,nslymani8@epa.gov,919-342-0019,7 Fulton Avenue,Cuiabá,,Brazil,78000-000
658,Lucretia,Resdale,lresdalei9@indiatimes.com,346-895-2882,6 Mayfield Way,Bowang,,China,
659,Ronald,Slucock,rslucockia@msn.com,793-412-7346,57838 Packers Terrace,Pando,,Philippines,2826
660,Josephine,Fryd,jfrydib@jalbum.net,491-348-8696,511 Cambridge Place,Cilimus Kulon,,Indonesia,
661,Dulcinea,Waddilow,dwaddilowic@merriam-webster.com,579-390-7457,66309 Barby Lane,Las Terrenas,,Dominican Republic,10217
662,Aveline,Barchrameev,abarchrameevid@fda.gov,124-834-2385,0 Pawling Court,Penalva,,Brazil,65213-000
663,Kelcey,Vowells,kvowellsie@nyu.edu,238-170-1765,05551 Farwell Circle,Gandu,,Brazil,45450-000
664,Frederique,Dripp,fdrippif@meetup.com,363-328-5065,296 Bluestem Court,Piedra del Águila,,Argentina,4624
665,Misha,Raiment,mraimentig@yahoo.co.jp,680-930-6137,417 Canary Circle,Camanducaia,,Brazil,37650-000
666,Lyn,Deinert,ldeinertih@posterous.com,397-451-6857,582 Parkside Circle,Bordeaux,Aquitaine,France,33036 CEDEX
667,Aldous,Feake,afeakeii@prweb.com,890-795-4421,874 Main Junction,El Triunfo,,Honduras,
668,Augy,Moreby,amorebyij@unc.edu,398-427-7554,30 Maryland Alley,Nice,Provence-Alpes-Côte d'Azur,France,06306 CEDEX 4
669,Janot,Frostick,jfrostickik@elegantthemes.com,257-846-3305,63 Hanover Road,Shuanglongchang,,China,
670,Fleur,Malone,fmaloneil@microsoft.com,729-210-4820,46 Beilfuss Court,Huagu,,China,
671,Cheston,Lepard,clepardim@oakley.com,751-971-3556,43 Rusk Place,Inhambupe,,Brazil,48490-000
672,Florance,Carverhill,fcarverhillin@squidoo.com,441-661-2715,3 Elka Circle,Dębica,,Poland,39-210
673,Towny,Styche,tstycheio@baidu.com,875-890-4861,8 Cody Street,Tanjungbalai,,Indonesia,
674,Haley,Covill,hcovillip@linkedin.com,208-314-9438,20 Loftsgordon Junction,Shijiang,,China,
675,Maxy,Mc Caughen,mmccaugheniq@whitehouse.gov,406-168-5927,08371 Corben Road,Xiaoyangqi,,China,
676,Carny,Brocket,cbrocketir@nymag.com,865-928-3035,9017 Stephen Alley,Kaeng Khoi,,Thailand,18110
677,Normy,Marrow,nmarrowis@ifeng.com,296-512-4621,400 Lakewood Gardens Court,Okpoma,,Nigeria,
678,Kahaleel,Woollends,kwoollendsit@jalbum.net,281-899-2383,367 Main Junction,Muramatsu,,Japan,441-3603
679,Sorcha,Seine,sseineiu@vimeo.com,685-998-4736,0149 Di Loreto Park,Kuala Terengganu,Terengganu,Malaysia,20576
680,Olimpia,Effnert,oeffnertiv@ca.gov,593-858-9064,27506 Becker Lane,Franco da Rocha,,Brazil,07800-000
681,Chastity,McIndoe,cmcindoeiw@technorati.com,463-480-3243,7 Crownhardt Lane,Tongyu,,China,
682,Lian,Parmeter,lparmeterix@last.fm,960-793-4690,83691 Kim Crossing,Pucyura,,Peru,
683,Travis,Masser,tmasseriy@ox.ac.uk,653-569-2947,4 Schiller Center,Tsagaanders,,Mongolia,
684,Ermin,Winters,ewintersiz@mapy.cz,625-548-5355,587 Burning Wood Court,Baran,,Indonesia,
685,Carson,Ramstead,cramsteadj0@bloomberg.com,181-877-2984,3 4th Avenue,Napak,,Uganda,
686,Tremayne,Bampkin,tbampkinj1@tuttocitta.it,147-304-1253,90264 Thierer Crossing,Xiapu,,China,
687,Becka,Cockrill,bcockrillj2@uol.com.br,772-395-0557,535 Coolidge Junction,Minnedosa,Manitoba,Canada,N3E
688,Leonora,Willeson,lwillesonj3@intel.com,482-998-2511,68997 Granby Circle,Altos,,Brazil,64290-000
689,Sergeant,Ruhben,sruhbenj4@huffingtonpost.com,909-996-6559,43919 Straubel Hill,Concepción de la Barranca,,Honduras,
690,Burr,Turri,bturrij5@opera.com,360-595-5527,37245 Cherokee Road,Sofo-Birnin-Gwari,,Nigeria,
691,Lonna,Duckerin,lduckerinj6@icq.com,571-762-7841,20 Tomscot Terrace,Alae,,Philippines,2705
692,Eunice,Leadbeatter,eleadbeatterj7@jimdo.com,575-461-8184,5164 Jenna Street,Esperalvillo,,Dominican Republic,11902
693,Corella,Tythe,ctythej8@usnews.com,409-661-0683,165 Sunbrook Hill,Sudogda,,Russia,601352
694,Mariellen,O' Loughran,moloughranj9@over-blog.com,359-551-3489,3 Katie Terrace,Hotonj,,Bosnia and Herzegovina,
695,Hyacinth,Metts,hmettsja@sitemeter.com,141-205-2546,5818 Luster Hill,Bima,,Indonesia,
696,Bill,Scimone,bscimonejb@squidoo.com,169-683-0459,88 Farwell Junction,Roissy Charles-de-Gaulle,Île-de-France,France,95915 CEDEX 2
697,Alfredo,Crowch,acrowchjc@archive.org,726-459-6812,971 Golf Lane,Santa Cruz,Mexico,Mexico,51462
698,Dominick,Rosell,droselljd@latimes.com,622-860-5962,648 Debs Place,Erjia,,China,
699,Jenifer,Seedhouse,jseedhouseje@quantcast.com,247-485-4171,465 Fieldstone Terrace,San Juan Bautista,,Paraguay,
700,Frants,Josefowicz,fjosefowiczjf@1und1.de,902-591-7348,6477 Tennyson Court,Jinchuan,,China,
701,Amelita,MacCumeskey,amaccumeskeyjg@apple.com,469-384-2326,44846 Fallview Center,Dallas,Texas,United States,75287
702,Hildegaard,Brian,hbrianjh@marriott.com,226-497-5203,0 8th Park,La Hacienda,,Philippines,1751
703,Alexis,Whitehall,awhitehallji@ycombinator.com,314-330-2964,16109 Dexter Center,Североморск-3,,Russia,184606
704,Gavra,Mapletoft,gmapletoftjj@narod.ru,515-874-5319,704 Surrey Park,Upton,England,United Kingdom,WF9
705,Eden,Dewes,edewesjk@uol.com.br,822-146-7607,46 Lillian Drive,Gävle,Gävleborg,Sweden,806 36
706,Aleen,Purseglove,apurseglovejl@tiny.cc,630-829-7092,752 Lotheville Lane,Guang’an,,China,
707,Heloise,McWilliams,hmcwilliamsjm@cnet.com,432-732-9789,9 Mariners Cove Court,Lidköping,Västra Götaland,Sweden,531 36
708,Modestine,O'Beirne,mobeirnejn@delicious.com,218-711-3973,34616 Fairfield Plaza,Nagornyy,,Russia,142817
709,Gearard,Grishenkov,ggrishenkovjo@github.io,596-513-0432,4847 Carberry Hill,Tangzha,,China,
710,Mela,Della,mdellajp@wix.com,231-958-3341,59173 Donald Trail,Fëdorovskoye,,Russia,196625
711,Erik,Soame,esoamejq@nyu.edu,390-674-0066,486 Harper Way,Mar’ina Roshcha,,Russia,901993
712,Em,Blockwell,eblockwelljr@dailymail.co.uk,493-755-8113,55 Dixon Pass,Budapest,Budapest,Hungary,1046
713,Hillary,Sturge,hsturgejs@1688.com,231-586-8257,02 Village Green Center,Wenhe,,China,
714,Robert,Feldman,rfeldmanjt@slate.com,123-252-0406,15 Grasskamp Crossing,Karak,,Pakistan,65031
715,Reagen,Sogg,rsoggju@umich.edu,811-794-0549,32 Arkansas Point,Somdet,,Thailand,46150
716,Bee,Wickes,bwickesjv@edublogs.org,802-275-4018,71948 Jenifer Drive,Mehendiganj,,Bangladesh,6431
717,Elmo,Colley,ecolleyjw@prweb.com,287-939-4340,4 Mitchell Crossing,Chumpi,,Peru,
718,Theresa,Trye,ttryejx@chron.com,292-748-4932,619 2nd Circle,Eṭ Ṭaiyiba,,Israel,
719,My,Haquard,mhaquardjy@clickbank.net,968-912-3114,20 Killdeer Hill,Riah,,Morocco,
720,Umberto,Bricham,ubrichamjz@nih.gov,341-426-6157,45492 1st Lane,Strážná,,Czech Republic,563 01
721,Sarine,Dutton,sduttonk0@intel.com,420-454-6245,09 Spenser Crossing,Perdões,,Brazil,37260-000
722,Bernetta,Reoch,breochk1@com.com,877-171-2760,82 Arrowood Way,Linjiang,,China,
723,Terrel,Hannen,thannenk2@nbcnews.com,258-507-9174,89627 Dixon Center,Paritjunus,,Indonesia,
724,Althea,Iverson,aiversonk3@wordpress.org,265-399-1471,08 Hoffman Way,Al Ḩāmūl,,Egypt,
725,Friedrich,Milnes,fmilnesk4@umn.edu,976-402-0631,6 Vahlen Junction,Bang Yai,,Thailand,11140
726,Morie,Charke,mcharkek5@marketwatch.com,193-830-9595,7340 1st Avenue,Novi Itebej,,Serbia,
727,Stillman,Lomis,slomisk6@soundcloud.com,872-474-1325,39153 3rd Center,Zhaoqing,,China,
728,Gizela,Odams,godamsk7@tripadvisor.com,880-726-4704,53 Garrison Lane,Napak,,Uganda,
729,Gregorius,Loftus,gloftusk8@cloudflare.com,482-284-3698,43 Forest Dale Lane,Igreja,Vila Real,Portugal,5050-401
730,Susanetta,Tredgold,stredgoldk9@booking.com,249-346-9002,2 Reindahl Junction,Bourges,Centre,France,18013 CEDEX
731,Aurelie,Rigler,ariglerka@howstuffworks.com,306-840-3604,6986 Dixon Street,Kawage,,Japan,519-0142
732,Kalila,Megson,kmegsonkb@craigslist.org,801-161-0659,01 Oriole Hill,Atawutung,,Indonesia,
733,Stanislas,Mealand,smealandkc@weebly.com,649-430-1039,22 Cascade Pass,Karangpeton,,Indonesia,
734,Thaddus,Kunzel,tkunzelkd@guardian.co.uk,470-501-0598,5856 Merry Place,Afonsoeiro,Setúbal,Portugal,2870-013
735,Noble,Bonallick,nbonallickke@pen.io,285-891-3439,18538 1st Trail,Pajagan,,Indonesia,
736,Dianemarie,O' Mara,domarakf@dell.com,301-711-8199,9190 Mariners Cove Point,Benisheikh,,Nigeria,
737,Alysia,Weigh,aweighkg@instagram.com,982-977-4740,1 Debra Crossing,Jönköping,Jönköping,Sweden,553 33
738,Rosalynd,Glanz,rglanzkh@g.co,609-799-7851,3 Spenser Park,Beidaihehaibin,,China,
739,Guendolen,Duprey,gdupreyki@exblog.jp,596-887-3050,9630 Merrick Drive,Melipilla,,Chile,
740,Daniele,Mathie,dmathiekj@nyu.edu,671-236-1186,5489 Prairie Rose Court,Kout na Šumavě,,Czech Republic,345 02
741,Riordan,Benninger,rbenningerkk@geocities.jp,557-218-4045,562 Butternut Point,Salavan,,Laos,
742,Querida,Sijmons,qsijmonskl@newyorker.com,386-542-9504,7128 Ridgeway Plaza,Ribeiro,Braga,Portugal,4755-578
743,Waldon,Brierley,wbrierleykm@cloudflare.com,780-590-3411,631 Rockefeller Lane,Cikalaces,,Indonesia,
744,Ninon,Utterson,nuttersonkn@bloglovin.com,909-749-3018,05004 Mcguire Alley,Bizerte,,Tunisia,
745,Brodie,Arnall,barnallko@huffingtonpost.com,211-437-7406,421 Lotheville Alley,Sidaohezi,,China,
746,Maudie,Loder,mloderkp@netvibes.com,870-953-9485,7 Nevada Point,Dolní Libina,,Czech Republic,788 05
747,Chuck,Taggett,ctaggettkq@4shared.com,898-860-6953,5 Schlimgen Road,Ruangwa,,Tanzania,
748,Cathrin,Caraher,ccaraherkr@google.com.br,232-767-5412,069 Hanover Terrace,Biên Hòa,,Vietnam,
749,Jere,Skillanders,jskillandersks@nsw.gov.au,394-117-9000,4958 Elmside Court,Guanmiao,,China,
750,Dave,Le Strange,dlestrangekt@gizmodo.com,923-351-2827,792 Fulton Point,Doropeti,,Indonesia,
751,Carce,Amoore,camooreku@msu.edu,518-914-9191,31 Commercial Drive,Samouco,Setúbal,Portugal,2890-206
752,Ivor,Chipchase,ichipchasekv@youku.com,754-298-6495,507 Alpine Plaza,Jugantang,,Indonesia,
753,Hamnet,Reims,hreimskw@dailymail.co.uk,961-384-1349,63 Killdeer Court,Filiatrá,,Greece,
754,Daloris,Bathersby,dbathersbykx@list-manage.com,149-245-0617,42 Buell Hill,Mojomulyokrajan,,Indonesia,
755,Cordy,Ewles,cewlesky@surveymonkey.com,110-192-7925,16 Portage Park,Cigarogol,,Indonesia,
756,Debera,Ryott,dryottkz@go.com,838-153-7745,6 Anhalt Point,Kebonkaret,,Indonesia,
757,Glori,Croce,gcrocel0@wufoo.com,294-466-3968,26 Hudson Court,Vierzon,Centre,France,18104 CEDEX
758,Phebe,Gerty,pgertyl1@cbc.ca,768-792-8937,3662 Lakewood Gardens Place,Santa Maria,,Philippines,8011
759,Bernarr,Van Dale,bvandalel2@fotki.com,304-594-3774,30 Washington Way,Yepocapa,,Guatemala,04012
760,Frank,Wankel,fwankell3@hexun.com,816-561-5718,24183 Elgar Drive,Kansas City,Missouri,United States,64136
761,Aurilia,Antowski,aantowskil4@de.vu,150-426-4072,28 Monterey Plaza,Lhakangtang,,China,
762,Perkin,Corness,pcornessl5@shinystat.com,944-191-7332,150 Glendale Place,Wulin,,China,
763,Retha,Frapwell,rfrapwelll6@posterous.com,423-894-5786,50 Sherman Avenue,Vũ Thư,,Vietnam,
764,Kerstin,Hamblen,khamblenl7@lulu.com,141-281-5343,9 Meadow Ridge Lane,Słupno,,Poland,09-472
765,Brew,Boldt,bboldtl8@pen.io,461-796-2586,62735 Fuller Avenue,Ḩablah,,Palestinian Territory,
766,Innis,Gallimore,igallimorel9@bizjournals.com,340-974-3978,5 Welch Lane,Celorico de Basto,Braga,Portugal,4890-223
767,Valery,Cracie,vcraciela@fotki.com,898-323-6370,72600 Homewood Crossing,Massaranduba,,Brazil,89108-000
768,Marilee,Brazenor,mbrazenorlb@china.com.cn,108-154-5771,9390 Artisan Avenue,Dzoraghbyur,,Armenia,
769,Jerry,Heifer,jheiferlc@nytimes.com,489-118-3701,226 8th Lane,Ra-ngae,,Thailand,96130
770,Son,Lapish,slapishld@mapquest.com,917-147-0647,405 Loomis Junction,Tapacocha,,Peru,
771,Liv,Sotham,lsothamle@imdb.com,993-818-3757,4 Little Fleur Circle,Luzhuangzi,,China,
772,Bail,Koppke,bkoppkelf@jugem.jp,354-218-4708,5 Drewry Trail,Elbasan,,Albania,
773,Ardisj,Jagiela,ajagielalg@buzzfeed.com,647-108-8905,55 Jackson Avenue,Bánov,,Czech Republic,687 54
774,Hildy,Callington,hcallingtonlh@posterous.com,648-223-0199,62695 Anthes Drive,Dong’an,,China,
775,Daffie,Balmann,dbalmannli@com.com,481-592-3457,66312 Northwestern Trail,Gaio,Setúbal,Portugal,2860-613
776,Courtnay,Westnage,cwestnagelj@theglobeandmail.com,674-497-4239,1 Pepper Wood Road,Kota Kinabalu,Sabah,Malaysia,88610
777,Weber,Samwayes,wsamwayeslk@ovh.net,788-937-3491,774 Sutteridge Park,Maras,,Peru,
778,Ethelda,McKeown,emckeownll@google.fr,745-570-6838,47 Del Mar Circle,Wuyang,,China,
779,Rudiger,Wilacot,rwilacotlm@wikia.com,593-231-5279,86 Blackbird Street,Ad Dimnah,,Yemen,
780,Teriann,Kemmish,tkemmishln@paginegialle.it,140-566-3104,80725 Jenna Terrace,Santa Ana Huista,,Guatemala,13031
781,Glynnis,Pablo,gpablolo@histats.com,639-600-2901,88249 Lyons Terrace,Cavalões,Braga,Portugal,4760-421
782,Jerri,Fourcade,jfourcadelp@uol.com.br,166-797-6959,7 Coolidge Terrace,Alivéri,,Greece,
783,Michael,Maudling,mmaudlinglq@nsw.gov.au,978-626-4198,666 Mallard Court,Changzhou,,China,
784,Ema,Alyokhin,ealyokhinlr@skype.com,117-642-3159,0 Mosinee Alley,Gulao,,China,
785,Isaac,Raatz,iraatzls@wikia.com,297-701-6950,04 Debra Way,Markaz-e Woluswalī-ye Āchīn,,Afghanistan,
786,Gloriane,Hathway,ghathwaylt@ft.com,733-669-2460,707 Corry Pass,Qijia,,China,
787,Hallsy,Mingey,hmingeylu@yellowpages.com,792-116-4806,207 Grasskamp Point,Daohe,,China,
788,Amory,Tresler,atreslerlv@squarespace.com,821-241-2739,2100 Maywood Plaza,Askiz,,Russia,655761
789,Devlin,Millberg,dmillberglw@wsj.com,266-456-7537,25 Hollow Ridge Circle,Magay,,Philippines,6344
790,Weston,O'Reilly,woreillylx@gnu.org,157-465-5723,3 Katie Park,Bandungan Timur,,Indonesia,
791,Katha,Hegden,khegdenly@naver.com,680-738-5504,13 Ridgeway Parkway,Tambura,,South Sudan,
792,Phylis,Gossling,pgosslinglz@hostgator.com,884-300-9051,3 Everett Junction,Lobão,Aveiro,Portugal,4505-427
793,Sander,Mountney,smountneym0@altervista.org,450-352-7936,520 Haas Road,Starokorsunskaya,,Russia,385274
794,Gwenore,Yeatman,gyeatmanm1@163.com,922-804-4390,6 Vidon Court,Lower Hutt,,New Zealand,5042
795,Andris,Djakovic,adjakovicm2@mac.com,542-355-7342,6 Hanson Lane,Beylagan,,Azerbaijan,
796,Trevor,Keattch,tkeattchm3@shinystat.com,547-472-5386,9 Norway Maple Junction,Al Jaghbūb,,Libya,
797,Domingo,Lackmann,dlackmannm4@pagesperso-orange.fr,774-838-5812,2 Daystar Terrace,Dunkerque,Nord-Pas-de-Calais,France,59376 CEDEX 1
798,Hartley,Heffernan,hheffernanm5@prnewswire.com,981-329-0824,8662 Mccormick Center,Lidingö,Stockholm,Sweden,181 77
799,Ailbert,Hymus,ahymusm6@artisteer.com,139-166-7628,5 Victoria Point,Usevia,,Tanzania,
800,Enrika,Bernaciak,ebernaciakm7@lulu.com,923-642-0668,0700 Myrtle Road,Plaju,,Indonesia,
801,Michaeline,Annis,mannism8@webs.com,883-892-7393,6 Sugar Pass,Pingzhuang,,China,
802,Arron,Loughlan,aloughlanm9@myspace.com,340-885-5501,4 Morningstar Street,Fenshui,,China,
803,Robinet,Gladdolph,rgladdolphma@i2i.jp,315-653-3122,749 Brentwood Pass,Raydah,,Yemen,
804,Shirley,Bateson,sbatesonmb@slideshare.net,724-693-9420,7054 Upham Trail,Szczurowa,,Poland,32-820
805,Jackquelin,Fearby,jfearbymc@engadget.com,213-703-4827,3448 Starling Circle,Massakory,,Chad,
806,Lita,Magarrell,lmagarrellmd@ca.gov,881-996-7085,557 Mayer Lane,Stapleford,England,United Kingdom,LN6
807,Mabel,Grady,mgradyme@discuz.net,395-718-9517,59 3rd Road,Miguel Hidalgo,Guerrero,Mexico,39120
808,Tori,Rothon,trothonmf@dyndns.org,444-131-2012,8267 Sachtjen Crossing,Novi Sad,,Serbia,
809,Harwell,Hewlings,hhewlingsmg@nbcnews.com,585-865-6552,98452 Messerschmidt Hill,Gia Nghĩa,,Vietnam,
810,Arvie,Ithell,aithellmh@blogger.com,358-168-6526,61751 Maple Circle,Aliaga,,Philippines,3111
811,Ike,Coneau,iconeaumi@networksolutions.com,447-487-0891,1 Dahle Trail,Gocoton,,Philippines,6337
812,Leilah,Van Velden,lvanveldenmj@cam.ac.uk,969-224-6866,3 Katie Plaza,Khallat Şāliḩ,,Palestinian Territory,
813,Brunhilde,Kik,bkikmk@abc.net.au,208-449-1520,90169 Scott Hill,Demerval Lobão,,Brazil,64390-000
814,Dar,Deely,ddeelyml@jimdo.com,592-759-5722,2 Union Plaza,Chillia,,Peru,
815,Stephanie,MacGillacolm,smacgillacolmmm@amazon.co.uk,155-259-1783,8 Derek Terrace,Pantano do Sul,,Brazil,78830-000
816,Selle,Goodliff,sgoodliffmn@fastcompany.com,271-669-2406,57363 Mallard Way,Maintang,,China,
817,Anders,Bergstrand,abergstrandmo@sciencedaily.com,998-953-9504,79370 Portage Parkway,Xianglong,,China,
818,Celestyn,Cambling,ccamblingmp@ted.com,996-516-1770,12036 Troy Crossing,Daying,,China,
819,Alison,Forsard,aforsardmq@linkedin.com,485-816-0999,011 Waywood Trail,Léfka,,Cyprus,
820,Gunilla,Tolputt,gtolputtmr@prnewswire.com,166-421-4805,9670 Sugar Way,Xinzha,,China,
821,Raychel,Raithmill,rraithmillms@oaic.gov.au,263-591-4606,93446 Warbler Junction,Skaudvilė,,Lithuania,73028
822,Nananne,Marsland,nmarslandmt@shinystat.com,765-269-0167,7 Buena Vista Alley,Mbouda,,Cameroon,
823,Lina,Tripe,ltripemu@wordpress.com,367-270-0650,78 High Crossing Junction,Bei,,Indonesia,
824,Hazel,Trimby,htrimbymv@ibm.com,708-455-3848,2953 Bunting Junction,Spuž,,Montenegro,
825,Rinaldo,Milland,rmillandmw@google.ca,279-339-6268,86 Westridge Place,Mukařov,,Czech Republic,411 45
826,Tabb,O'Longain,tolongainmx@nps.gov,340-262-2173,2 Basil Circle,Armavir,,Armenia,
827,Meredith,Maxwale,mmaxwalemy@craigslist.org,860-883-1142,0764 Ruskin Place,Krojo,,Indonesia,
828,Abie,Thaim,athaimmz@wikia.com,236-223-4422,784 Eggendart Court,Lengshuijing,,China,
829,Susette,Tomovic,stomovicn0@acquirethisname.com,707-363-7052,9621 Melvin Hill,Dongfeng,,China,
830,Brittany,Veivers,bveiversn1@si.edu,253-211-6599,8 Melby Trail,Linxi,,China,
831,Ariela,Blacklidge,ablacklidgen2@nyu.edu,552-240-8042,05 Blackbird Pass,Iraquara,,Brazil,46980-000
832,Cornelia,Okker,cokkern3@github.io,248-187-4054,9648 Reindahl Junction,Zouila,,Tunisia,
833,Leilah,Dofty,ldoftyn4@salon.com,864-777-8319,73 Sage Trail,Santiago de Cuba,,Cuba,
834,Frayda,Shafto,fshafton5@japanpost.jp,989-588-5427,4 Hagan Way,Banjiang,,China,
835,Janeczka,Tindle,jtindlen6@ocn.ne.jp,481-434-0974,96 Columbus Street,Angered,Västra Götaland,Sweden,424 31
836,Rutherford,Renfrew,rrenfrewn7@unblog.fr,639-924-2584,72 Jay Junction,Birr,,Ireland,R42
837,Keely,Masi,kmasin8@icq.com,652-940-0756,2781 Reindahl Trail,Centre de Flacq,,Mauritius,
838,Benjy,Tookey,btookeyn9@ezinearticles.com,664-209-5035,97 Jenna Lane,Arbaoua,,Morocco,
839,Ginger,Haskett,ghaskettna@creativecommons.org,921-324-4872,9515 Fisk Place,Warsaw,,Poland,05-090
840,Merrie,Albers,malbersnb@psu.edu,650-582-5909,35 Barby Terrace,Pasadena,California,United States,91186
841,Kain,Ricardon,kricardonnc@reverbnation.com,801-350-6253,01 Graceland Parkway,Khorramdarreh,,Iran,
842,Kirk,Lindenberg,klindenbergnd@icq.com,184-707-7738,1769 Trailsway Point,Abéché,,Chad,
843,Merrile,Curee,mcureene@va.gov,202-225-0672,1101 Sutherland Road,Cigagade,,Indonesia,
844,Sheridan,De Vries,sdevriesnf@census.gov,948-787-2094,7 Ludington Crossing,Néa Ankhíalos,,Greece,
845,Eustace,Simmill,esimmillng@omniture.com,936-912-3922,015 Mockingbird Lane,Los Rastrojos,,Venezuela,
846,Nola,Gallahue,ngallahuenh@phoca.cz,782-338-6918,76 Namekagon Parkway,Brniště,,Czech Republic,471 29
847,Archie,Haselup,ahaselupni@de.vu,301-468-5715,61 Carioca Junction,Abomey-Calavi,,Benin,
848,Helga,Jeandon,hjeandonnj@senate.gov,610-105-3136,01 Laurel Road,Philadelphia,Pennsylvania,United States,19104
849,Avram,Laxe,alaxenk@homestead.com,196-943-7340,86 Prairieview Alley,Jardia,Setúbal,Portugal,2870-632
850,Alric,Corson,acorsonnl@apache.org,115-569-4248,9 Carey Junction,Georgiyevsk,,Russia,357834
851,Inglebert,McLagain,imclagainnm@vkontakte.ru,811-380-1129,74043 Almo Road,Jombang,,Indonesia,
852,Modestia,Costar,mcostarnn@accuweather.com,628-735-4669,787 Muir Plaza,Domoni,,Comoros,
853,Cynthea,Phair,cphairno@furl.net,500-920-7133,01684 Truax Junction,Voloshka,,Russia,164051
854,Crissie,Bursnell,cbursnellnp@cnbc.com,890-535-6585,4618 Packers Lane,Ciladaeun,,Indonesia,
855,Brande,Tucsell,btucsellnq@blogtalkradio.com,523-682-2808,07 Larry Lane,Banatski Dvor,,Serbia,
856,Donny,Maysor,dmaysornr@tripadvisor.com,766-194-9552,718 Glendale Terrace,Outokumpu,,Finland,83501
857,Wendeline,Duignan,wduignanns@squarespace.com,354-935-6116,0 Service Center,Baligród,,Poland,38-606
858,Venus,Ashborn,vashbornnt@cbc.ca,667-361-3304,33 Forest Run Court,Karukh,,Afghanistan,
859,Athena,Jedrychowski,ajedrychowskinu@1und1.de,769-970-6618,64528 Michigan Circle,El Limon,Veracruz Llave,Mexico,92105
860,Gallagher,Skains,gskainsnv@vkontakte.ru,941-989-5454,764 Kinsman Lane,Châlons-en-Champagne,Champagne-Ardenne,France,51039 CEDEX
861,Larine,Ferrer,lferrernw@prweb.com,553-625-2068,35375 Straubel Alley,Cikalang,,Indonesia,
862,Alvy,Carrabot,acarrabotnx@eventbrite.com,835-377-2126,109 Pankratz Circle,Oslo,Oslo,Norway,1068
863,Geno,Filinkov,gfilinkovny@weibo.com,878-964-4306,05778 Sycamore Pass,Propriá,,Brazil,49900-000
864,Davy,Netti,dnettinz@stanford.edu,183-639-7336,3068 Linden Trail,Balete,,Philippines,5614
865,Dag,MacKowle,dmackowleo0@abc.net.au,799-531-8474,701 Amoth Hill,Xinsheng,,China,
866,Alvinia,Kunz,akunzo1@java.com,274-474-0069,7 Calypso Trail,Arroyo Naranjo,,Cuba,
867,Ardys,Yitzhak,ayitzhako2@thetimes.co.uk,531-782-5695,173 Vernon Alley,Buenos Aires,Sonora,Mexico,83344
868,Elinor,Nuttey,enutteyo3@phpbb.com,176-469-6085,4793 Carioca Plaza,Naushki,,Russia,671820
869,Hazel,Markova,hmarkovao4@dropbox.com,593-613-3179,217 Kings Hill,Rybie,,Poland,05-850
870,Gerard,Yellowlee,gyellowleeo5@phpbb.com,840-758-7203,80 Leroy Court,Wailolong,,Indonesia,
871,Daniel,Balloch,dballocho6@samsung.com,173-973-7257,734 Becker Junction,Flores da Cunha,,Brazil,95270-000
872,Jaye,Renol,jrenolo7@archive.org,702-997-7379,9511 Green Ridge Avenue,Las Vegas,Nevada,United States,89135
873,Alwin,Soanes,asoaneso8@foxnews.com,379-139-0795,22 Moland Parkway,Eindhoven,Provincie Noord-Brabant,Netherlands,5629
874,Alphonse,Gofton,agoftono9@wordpress.org,951-888-2511,921 Bartelt Hill,Tunduma,,Tanzania,
875,Ricky,Ciani,rcianioa@marriott.com,548-795-0256,60 8th Court,Lápas,,Greece,
876,Kylila,Deveraux,kdeverauxob@domainmarket.com,632-455-8310,2070 Bellgrove Alley,Longxing,,China,
877,Hermy,Diloway,hdilowayoc@foxnews.com,881-511-1886,19 6th Junction,Lyon,Rhône-Alpes,France,69907 CEDEX 20
878,Elia,Hadigate,ehadigateod@amazonaws.com,957-621-7377,4493 Cordelia Circle,Songjiang,,China,
879,Grayce,Tidman,gtidmanoe@dailymail.co.uk,881-705-6373,45 Katie Circle,Mazhonghe,,China,
880,Theo,Albion,talbionof@google.it,416-393-7710,35926 Meadow Vale Plaza,Néa Flogitá,,Greece,
881,Connie,Eakley,ceakleyog@vkontakte.ru,794-533-6467,259 Fairview Way,Karanglincak,,Indonesia,
882,Ernie,Lux,eluxoh@t-online.de,855-202-0322,48 Ohio Point,Novhorodka,,Ukraine,
883,Sydel,Syplus,ssyplusoi@indiatimes.com,916-177-5116,1935 Northridge Place,Baun,,Indonesia,
884,Peyton,Crispin,pcrispinoj@xing.com,351-221-1458,9179 Walton Circle,Babice,,Poland,37-754
885,Melissa,Wellum,mwellumok@linkedin.com,550-102-5770,821 Spohn Center,Gapan,,Philippines,3109
886,Ida,Scorrer,iscorrerol@ibm.com,599-155-2293,2935 Anzinger Plaza,Guajiasi,,China,
887,Briana,Lynd,blyndom@paypal.com,856-219-7092,48 Aberg Court,Lavradio,Setúbal,Portugal,2835-305
888,Celinda,Noice,cnoiceon@4shared.com,674-164-4531,4 Kensington Way,Mamurras,,Albania,
889,Jere,Fudger,jfudgeroo@dion.ne.jp,249-429-0068,747 Dryden Place,Baku,,Azerbaijan,
890,Allyn,Arter,aarterop@timesonline.co.uk,469-645-6702,019 Bellgrove Circle,El Crucero,,Nicaragua,
891,Rhea,Gillooly,rgilloolyoq@constantcontact.com,300-984-3379,775 4th Pass,Przybiernów,,Poland,72-110
892,Fabien,Greenly,fgreenlyor@columbia.edu,380-898-9696,73 Jenna Terrace,Amucao,,Philippines,8004
893,Marleen,Wilbore,mwilboreos@woothemes.com,900-974-2389,383 Memorial Terrace,Tak Bai,,Thailand,96110
894,Alanson,Kingsworth,akingsworthot@g.co,457-164-5717,42707 Messerschmidt Alley,Khyzy,,Azerbaijan,
895,Dulcie,Burkman,dburkmanou@telegraph.co.uk,963-690-6757,089 Anthes Parkway,Nong Chik,,Thailand,94170
896,Lorry,McGrorty,lmcgrortyov@theatlantic.com,449-939-4811,75465 Helena Place,Baiqi,,China,
897,Barnaby,Meckiff,bmeckiffow@newsvine.com,307-692-0490,9186 Northview Terrace,Famaillá,,Argentina,4132
898,Glyn,Sazio,gsazioox@pinterest.com,541-239-3638,443 Fremont Point,Czerniejewo,,Poland,62-250
899,Danella,Rushman,drushmanoy@github.com,838-578-6254,95 Dayton Junction,Zuhu,,China,
900,Cristie,Shearman,cshearmanoz@aboutads.info,303-539-8707,56524 Lien Drive,Limbuhan,,Philippines,7203
901,Janean,Mertsching,jmertschingp0@imgur.com,708-573-8407,97 Boyd Avenue,Penha,,Brazil,88385-000
902,Mallissa,Christofides,mchristofidesp1@webs.com,675-558-3629,3750 Mifflin Park,Ketampak,,Indonesia,
903,Christabella,Loveland,clovelandp2@ca.gov,672-356-3302,6922 New Castle Parkway,San Jose,,Philippines,8427
904,Shir,Tomaskov,stomaskovp3@mapquest.com,353-543-2319,97 Arizona Road,Harderwijk,Provincie Gelderland,Netherlands,3844
905,Arabelle,Embery,aemberyp4@intel.com,995-972-6069,7511 Mcguire Road,Ptení,,Czech Republic,798 43
906,Giana,Petti,gpettip5@whitehouse.gov,526-956-0546,320 Roxbury Park,Nagornyy,,Russia,142817
907,Ramsey,Rittelmeyer,rrittelmeyerp6@amazon.co.jp,650-174-4599,745 Oak Valley Avenue,Zhongxing,,China,
908,Kimberlee,Padell,kpadellp7@alexa.com,312-812-8904,0 Bowman Place,Niujiang,,China,
909,Timmy,Tease,tteasep8@unesco.org,131-542-0466,0687 Village Green Trail,Lubukalung,,Indonesia,
910,Reuben,Belmont,rbelmontp9@webmd.com,412-691-0615,462 Blaine Pass,Kyzyl-Oktyabr’skiy,,Russia,457162
911,Angeline,Blackbrough,ablackbroughpa@prlog.org,286-335-8257,16 Brentwood Alley,Kosmach,,Ukraine,
912,Donnell,McGreay,dmcgreaypb@bandcamp.com,869-142-3416,31352 Shelley Drive,Liugong,,China,
913,Anallese,Erwin,aerwinpc@google.co.uk,176-983-8498,10 Welch Hill,Sangiang,,Indonesia,
914,Mikael,Aldhous,maldhouspd@is.gd,603-741-1705,872 Hallows Alley,Vila Fria,Lisboa,Portugal,2740-023
915,Emanuele,Jouhning,ejouhningpe@wix.com,243-450-3895,558 Roxbury Circle,Sharm el-Sheikh,,Egypt,
916,Joshuah,Sauvage,jsauvagepf@cocolog-nifty.com,561-268-2296,5819 Hermina Park,Līkak,,Iran,
917,Ahmad,Domniney,adomnineypg@xing.com,595-151-0759,189 Spohn Pass,Lidong,,China,
918,Hieronymus,Keaves,hkeavesph@istockphoto.com,620-597-6189,11 Fieldstone Drive,Tazemmourt,,Morocco,
919,Louisette,Pendry,lpendrypi@samsung.com,467-124-6269,873 Donald Road,Leyuan,,China,
920,Jourdan,Bastiman,jbastimanpj@exblog.jp,831-992-1972,4 Nelson Lane,Atipuluhan,,Philippines,6124
921,Livvy,Crew,lcrewpk@gizmodo.com,840-752-5587,476 Cordelia Park,Zhanqian,,China,
922,Boycie,Feenan,bfeenanpl@utexas.edu,355-700-9312,27 Kenwood Hill,Gading,,Indonesia,
923,Cathy,Hardwell,chardwellpm@constantcontact.com,693-763-7653,1232 Stephen Road,Agbor,,Nigeria,
924,Judye,Vain,jvainpn@yolasite.com,967-553-1812,91192 Old Gate Circle,Venilale,,East Timor,
925,Deanne,Habard,dhabardpo@woothemes.com,485-325-7760,83017 Reindahl Plaza,Dayr Sāmit,,Palestinian Territory,
926,Aurilia,Kobpal,akobpalpp@mediafire.com,281-468-6159,64641 Johnson Point,Lanxi,,China,
927,Conni,Mawer,cmawerpq@toplist.cz,337-860-8935,41880 Spaight Parkway,Gaoqiao,,China,
928,Paloma,Muff,pmuffpr@comcast.net,223-290-1540,2 Veith Way,Carnaxide,Lisboa,Portugal,2790-009
929,Brandyn,Galea,bgaleaps@opensource.org,759-937-5888,88693 Roth Lane,Ribamar,Lisboa,Portugal,2530-631
930,Sim,Pollock,spollockpt@usa.gov,942-399-1589,634 Dixon Court,Padova,Veneto,Italy,35141
931,Carmen,Kemell,ckemellpu@google.ca,949-861-0531,3 Butterfield Pass,Passos,Viana do Castelo,Portugal,4990-770
932,Tobi,Hubery,thuberypv@studiopress.com,134-117-0423,4 Jackson Trail,Waru Selatan,,Indonesia,
933,Jeffy,Lethbury,jlethburypw@people.com.cn,443-289-0480,7 Judy Lane,Nanguzhuang,,China,
934,Starlin,Doy,sdoypx@stanford.edu,327-312-6990,4000 Meadow Valley Place,Panawuan,,Indonesia,
935,Demetri,Dalrymple,ddalrymplepy@privacy.gov.au,181-204-2875,296 Welch Center,Abomey,,Benin,
936,Kit,MacPhee,kmacpheepz@upenn.edu,567-204-7798,47 Cordelia Way,Daying,,China,
937,Gwen,Adamo,gadamoq0@google.it,717-510-1515,53 Wayridge Junction,Jiamiao,,China,
938,Toinette,McQuarrie,tmcquarrieq1@bigcartel.com,974-372-6986,4 Valley Edge Street,Sanrao,,China,
939,Tiebold,Enderwick,tenderwickq2@ca.gov,121-282-3453,006 Bunting Court,San Vicente de Moravia,,Costa Rica,11403
940,Isadore,Dobrowlski,idobrowlskiq3@geocities.jp,615-866-3993,1356 Dahle Parkway,Jilili,,Peru,
941,Doria,Tomisch,dtomischq4@blogspot.com,764-771-0727,6737 Saint Paul Court,Zamoskvorech’ye,,Russia,142817
942,Mildrid,Asaaf,masaafq5@mtv.com,451-715-3817,3 Thompson Terrace,Hualgayoc,,Peru,
943,Barbabra,Gerhts,bgerhtsq6@oakley.com,918-550-8328,1272 Sheridan Trail,Tulsa,Oklahoma,United States,74193
944,Felicia,Gaize,fgaizeq7@eepurl.com,758-633-8253,5743 Dryden Avenue,Luebo,,Democratic Republic of the Congo,
945,Tabb,Aylett,taylettq8@xrea.com,354-567-4355,0 Fair Oaks Place,Stockholm,Stockholm,Sweden,112 40
946,Quinta,Madders,qmaddersq9@dailymail.co.uk,402-849-3777,8 Kedzie Street,Düsseldorf,Nordrhein-Westfalen,Germany,40489
947,Pinchas,Siddell,psiddellqa@elegantthemes.com,242-536-7822,1208 Dryden Way,Yur’yev-Pol’skiy,,Russia,601800
948,Giselle,Burkinshaw,gburkinshawqb@engadget.com,959-692-9490,086 Eggendart Center,An Lão,,Vietnam,
949,Homerus,Stopps,hstoppsqc@webs.com,596-326-7392,8653 Dakota Circle,Pak Phli,,Thailand,26130
950,Bale,Capenor,bcapenorqd@ocn.ne.jp,396-331-2595,602 David Plaza,Petrijevci,,Croatia,31208
951,Delilah,Minard,dminardqe@va.gov,432-398-2308,6222 Shoshone Avenue,Lixu,,China,
952,Mile,Kadd,mkaddqf@apple.com,413-253-5259,8 Katie Circle,Az Zawr,,Kuwait,
953,Cori,Shearer,cshearerqg@godaddy.com,957-766-1390,3 Maywood Junction,Huancheng,,China,
954,Smitty,Longcake,slongcakeqh@bing.com,119-486-2154,4 Delaware Court,Viçosa,,Brazil,59815-000
955,Joye,Winfindale,jwinfindaleqi@answers.com,407-957-3050,9 Messerschmidt Pass,Sagud-Bahley,,Philippines,5417
956,Carlene,Kielty,ckieltyqj@cnet.com,922-773-4092,9 Ruskin Park,Zhangxi,,China,
957,Robert,Petch,rpetchqk@google.co.uk,535-216-4303,3 Doe Crossing Hill,Matara,,Sri Lanka,81000
958,Saleem,Jermey,sjermeyql@indiatimes.com,598-391-5695,285 Crowley Trail,Cayara,,Peru,
959,Tabatha,Stanyon,tstanyonqm@prlog.org,908-346-5259,287 Troy Avenue,Ribeira das Taínhas,Ilha de São Miguel,Portugal,9680-505
960,Gale,Brokenshaw,gbrokenshawqn@sohu.com,876-993-0736,37 Scott Plaza,Miskolc,Borsod-Abaúj-Zemplén,Hungary,3527
961,Tarrah,Briggs,tbriggsqo@de.vu,738-208-4492,02179 Hazelcrest Hill,Longtan,,China,
962,Waylen,Goodship,wgoodshipqp@sfgate.com,901-463-1996,520 Forster Trail,Krajan Winong,,Indonesia,
963,Angelita,Line,alineqq@elegantthemes.com,796-921-1397,3766 Service Way,Biecz,,Poland,38-340
964,Dukey,Laise,dlaiseqr@ca.gov,532-132-9778,968 Meadow Ridge Way,Ribeiro,Porto,Portugal,4600-758
965,Farlay,Hebden,fhebdenqs@studiopress.com,351-545-5081,2394 Daystar Alley,Matadi,,Democratic Republic of the Congo,
966,Ransom,Syson,rsysonqt@themeforest.net,854-736-6773,347 Holmberg Crossing,Atamanovka,,Russia,672530
967,Lavina,Yoslowitz,lyoslowitzqu@nih.gov,778-882-2763,19688 Erie Plaza,Zudun,,China,
968,Alonzo,Butter,abutterqv@who.int,926-696-6968,03919 Morrow Crossing,Padej,,Serbia,
969,Elita,Shercliff,eshercliffqw@indiegogo.com,173-996-9196,6569 Lighthouse Bay Alley,La Soledad,Oaxaca,Mexico,70324
970,Prescott,Bladder,pbladderqx@telegraph.co.uk,741-338-2749,4 Summerview Center,Brnaze,,Croatia,21230
971,Dita,Isaq,disaqqy@skyrock.com,109-349-1859,73 Ronald Regan Place,Dongfeng,,China,
972,Bettye,Roark,broarkqz@weibo.com,362-928-7149,99157 Prairieview Park,Pangu,,China,
973,Joby,Izod,jizodr0@scientificamerican.com,593-696-0050,8911 Dexter Crossing,Västra Frölunda,Västra Götaland,Sweden,421 62
974,Hartwell,Lonsbrough,hlonsbroughr1@jimdo.com,560-861-3626,3 Forest Drive,Kīsh,,Iran,
975,Pavla,Assiratti,passirattir2@cbsnews.com,288-433-1204,0094 Monterey Street,Bata Tengah,,Indonesia,
976,Addy,McTrusty,amctrustyr3@rakuten.co.jp,137-974-4402,85 Gina Drive,Barão de Cocais,,Brazil,35970-000
977,Rustie,Burch,rburchr4@discuz.net,393-510-0504,0102 Spenser Way,Hoktember,,Armenia,
978,Bari,Bowyer,bbowyerr5@gov.uk,222-698-6798,103 Goodland Park,Ugac Sur,,Philippines,3501
979,Dalenna,Hucks,dhucksr6@wiley.com,166-945-0642,8813 Sage Parkway,Lam Sonthi,,Thailand,71160
980,Toddy,Harrowsmith,tharrowsmithr7@opensource.org,214-540-8377,685 Sunbrook Way,Huskvarna,Jönköping,Sweden,561 36
981,Erastus,Tuckley,etuckleyr8@jimdo.com,689-695-2172,65 Harper Alley,Ceibas,,Argentina,2823
982,Thorpe,Thornebarrow,tthornebarrowr9@businessweek.com,321-767-2053,2983 Cascade Drive,Virden,Manitoba,Canada,J5V
983,Wain,Holmyard,wholmyardra@hp.com,366-273-8806,255 Mcguire Parkway,Środa Wielkopolska,,Poland,63-001
984,Minna,Soughton,msoughtonrb@google.com,600-485-1479,8 Mallory Drive,Lunen,,Philippines,9507
985,Adelaida,Dagworthy,adagworthyrc@gmpg.org,998-552-7519,6547 Swallow Lane,Helin,,China,
986,Lulita,Screas,lscreasrd@disqus.com,274-777-1899,87 Hintze Street,Inicbulan,,Philippines,4201
987,Saidee,Scarman,sscarmanre@vimeo.com,718-962-4235,5698 Scott Center,Oxelösund,Södermanland,Sweden,613 22
988,Alexei,Jewis,ajewisrf@mit.edu,377-855-4319,76671 Starling Street,Quisao,,Philippines,4029
989,Madelyn,Desquesnes,mdesquesnesrg@hhs.gov,643-620-3256,70167 Arizona Street,Yingcheng,,China,
990,Caria,Konke,ckonkerh@upenn.edu,513-182-8241,69 Lukken Pass,Yanwukou,,China,
991,Adriana,Liebermann,aliebermannri@fema.gov,572-128-0009,9 Eastlawn Junction,Salvacion,,Philippines,1114
992,Niles,Torrijos,ntorrijosrj@t.co,590-107-7424,4 Brown Crossing,La Roche-sur-Yon,Pays de la Loire,France,85009 CEDEX
993,Christiana,Meegin,cmeeginrk@illinois.edu,643-693-2410,0 Hooker Hill,Pasadena,Newfoundland and Labrador,Canada,B2J
994,Ara,Casford,acasfordrl@youtube.com,613-490-1418,8804 Hoepker Junction,Upper San Mateo,,Philippines,9406
995,Kandy,Ainscow,kainscowrm@t-online.de,976-429-8523,97 Maryland Terrace,Shaochang,,China,
996,Leupold,McNee,lmcneern@parallels.com,200-523-9369,026 Schiller Parkway,Mathakola,,Botswana,
997,Marris,Poundsford,mpoundsfordro@arizona.edu,917-743-9464,8771 Gina Point,Angoulême,Poitou-Charentes,France,16999 CEDEX 9
998,Cacilie,Shah,cshahrp@smh.com.au,129-641-3363,0443 Brown Point,Hatton,England,United Kingdom,CV35
999,Jack,Robertucci,jrobertuccirq@ftc.gov,731-664-4667,4 Kinsman Point,Bom Despacho,,Brazil,35600-000
1000,Renelle,Effemy,reffemyrr@icio.us,436-581-9787,811 Graedel Way,Paraipaba,,Brazil,62685-000
