Name,Fname,Lname,Email1,Organisation,Country,Tags
Gail McKenzie,Gail,McKenzie,gail@makeabrand.co.uk,Glasgow,GB,"""SP"",""Upload 02-Oct-25"",""Design & Marketing Associate"",""GB"",""Glasgow & South-West Scotland"",""Patent Interest"",""TM Interest"""
Martin James,Martin,James,martin.james@expensive.com,Aberdeen,GB,"""SP"",""Upload 02-Oct-25"",""UK Solicitor"",""GB"",""Aberdeen & North Scotland"",""Patent Interest"",""TM Interest"""
Steve Sondheim,Steve,Sondheim,ssondheim@sellyourip.co.uk,London,GB,"""SP"",""Upload 02-Oct-25"",""Other Associate"",""GB"",""London & South-East England"",""Patent Interest"",""TM Interest"""
Robert Smith,Robert,Smith,robert.smith@douglas.com,Edinburgh,GB,"""SP"",""Upload 03-Nov-25"",""UK Solicitor"",""GB"",""Edinburgh & South-East Scotland"",""Patent Interest"",""TM Interest"""
Bob McBob,Bob,McBob,bob.mcbob@spc.co.uk,Glasgow,GB,"""SP"",""Upload 03-Nov-25"",""Other associate"",""GB"",""Aberdeen & North Scotland"",""Patent Interest"",""TM Interest"""
