Name,First Name,Last Name,Contact Email Address,Organisation,Country,Tags
Scott LaSalle,Scott,LaSalle,scott.lasalle@oilbarons.com,Oil Barons,US,"""SP"",""US"",""In-House"",""Upload 02-Oct-25"",""US-TX"",""TM Interest"",""Direct Client Or Prospect"""
Richard Forsyth,Richard,Forsyth,richard.forsyth@babyworld.com,Babyworld,US,"""SP"",""US"",""In-House"",""Upload 02-Oct-25"",""US-MO"",""TM Interest"",""Direct Client Or Prospect"""
Elena Peters,Elena,Peters,elena@ussports.com,US Sports,US,"""SP"",""US"",""In-House"",""Upload 02-Oct-25"",""US-MA"",""Patent Interest"",""TM Interest"",""Direct Client Or Prospect"""
Lillian Scott,Lillian,Scott,lilian.scott@skipro.com,SkiPro,US,"""SP"",""US"",""In-House"",""Upload 02-Oct-25"",""US-PA"",""Patent Interest"",""Direct Client Or Prospect"""
James Seles,James,Seles,james.seles@foodcorp.com,Food Corp,US,"""SP"",""US"",""In-House"",""Upload 03-Nov-25"",""US-IL"",""Patent Interest"",""Direct Client Or Prospect"""
