Name,Fname,Lname,Email1,Organisation,Country,Tags
Angela Brown,Angela,Brown,angela@sugarcorp.co.uk,Sugar Corp,GB,"""SP"",""Upload 02-Oct-25"",""Direct client or prospect"",""GB"",""Newcastle & North-East England"",""TM Interest"""
Bryony Crunchy,Bryony,Crunchy,bcrunchy@crunchy.com,Crunchy Shortbread,GB,"""SP"",""Upload 02-Oct-25"",""Direct client or prospect"",""GB"",""Aberdeen & North Scotland"",""TM Interest"""
Brendan Johnson,Brendan,Johnson,BJ@delamer.com,DeLaMer,GB,"""SP"",""Upload 03-Nov-25"",""Direct client or prospect"",""GB"",""Edinburgh & South-East Scotland"",""Patent Interest"""
Joe Fraser,John,Fraser,john@ecopods.co.uk,Eco Pods,GB,"""SP"",""Upload 03-Nov-25"",""Direct client or prospect"",""GB"",""Glasgow & South-West Scotland"",""TM Interest"""
Fiona Fraser,Fiona,Fraser,fiona@ecopods.co.uk,Eco Pods,GB,"""SP"",""Upload 03-Nov-25"",""Direct client or prospect"",""GB"",""Glasgow & South-West Scotland"",""TM Interest"""
